reviewId,itemId,userId,rating,sentiment_score_norm
0,19,2976,3,3.5
1,19,3339,5,3.5
2,19,1472,4,3
3,19,603,5,5
4,19,332,5,5
5,19,753,5,4.5
6,19,2421,5,5
7,19,3388,4,2.5
8,19,3286,5,3.5
9,19,2849,5,2.5
10,19,643,5,4.5
11,19,2978,5,4.5
12,19,370,5,3.5
13,19,688,5,3
14,19,3421,5,4
15,19,2413,3,3
16,19,2607,5,4
17,19,3526,4,3.5
18,19,2902,5,4
19,19,2964,4,5
20,19,1236,1,3
21,19,1839,4,4.5
22,19,2956,5,5
23,19,1971,4,3.5
24,19,2781,4,4
25,19,3742,5,4.5
26,19,1078,5,4
27,19,1514,5,4
28,19,3191,5,3.5
29,19,2022,4,4.5
30,19,443,4,3.5
31,19,2084,4,4
32,19,2221,4,3.5
33,19,848,5,3.5
34,19,2343,4,4
35,19,2798,4,3
36,19,3042,5,4.5
37,19,1298,5,3
38,19,3607,5,5
39,19,2059,5,4
40,19,2902,5,3.5
41,19,3774,5,3.5
42,19,81,5,4
43,19,1688,5,4.5
44,19,439,4,5
45,19,2171,5,3.5
46,19,269,4,4
47,19,3726,5,3
48,19,509,4,3.5
49,19,3176,4,3.5
50,19,2880,5,4
51,19,3814,3,3.5
52,19,3405,4,4.5
53,19,217,5,4.5
54,19,2032,5,4.5
55,19,1181,5,3.5
56,19,263,5,3.5
57,19,2875,5,5
58,19,2368,5,3
59,19,1095,5,4
60,19,989,4,3
61,19,442,5,3.5
62,19,1871,4,4
63,19,3511,5,4
64,19,626,5,3.5
65,19,3483,5,3
66,19,1401,5,5
67,19,716,5,5
68,19,3306,5,4.5
69,19,3714,4,4
70,19,2570,1,4.5
71,19,443,4,3.5
72,19,880,3,1.5
73,19,1779,5,3.5
74,19,2902,5,4
75,19,1003,4,3
76,19,835,5,4
77,19,2294,4,5
78,19,2455,3,2.5
79,19,2173,4,5
80,19,2330,2,3
81,19,2875,5,3.5
82,19,1523,3,4.5
83,19,1638,5,3.5
84,19,2177,4,4
85,19,3625,4,4
86,19,1946,5,3.5
87,19,2695,4,4
88,19,2063,5,3.5
89,19,1369,5,3.5
90,19,2062,4,4.5
91,19,2340,3,3
92,19,2148,5,3.5
93,19,1018,2,2.5
94,19,2174,5,4
95,19,3281,5,3.5
96,23,1266,5,4.5
97,23,49,5,4
98,23,590,5,3.5
99,23,29,5,5
100,23,589,5,3.5
101,23,303,5,4.5
102,23,448,5,4
103,23,2236,5,4
104,23,3012,4,3
105,23,3128,4,4.5
106,23,1948,5,3.5
107,23,3294,4,4.5
109,23,663,5,5
110,23,454,5,5
111,23,3550,5,4.5
112,23,901,5,3.5
113,23,2121,4,4.5
114,23,358,5,4
115,23,2493,5,3
116,23,346,4,3.5
117,23,3183,5,4
118,23,2159,5,4.5
119,23,132,5,3.5
120,23,2052,5,3
121,23,3086,4,3.5
122,23,2605,5,4.5
123,23,2489,4,4.5
124,23,1162,5,3.5
126,23,443,5,3.5
129,23,2937,5,3.5
130,23,3177,4,3
131,23,957,5,4
135,23,2206,5,5
136,23,2168,4,3.5
137,23,2422,4,3.5
138,23,3109,5,4
139,23,294,4,4
140,23,487,5,3.5
141,23,1680,5,5
142,23,3390,5,3.5
144,23,3169,5,4
146,23,3085,5,3.5
147,23,724,5,4
148,23,363,5,3.5
149,23,754,5,3
150,23,2425,5,4.5
151,23,1793,4,3.5
152,23,2800,4,3.5
153,23,1237,5,4
154,23,2111,5,2.5
155,23,160,5,4
156,23,3407,5,4
157,23,1073,5,4.5
158,23,181,4,3.5
159,23,2928,5,3.5
160,23,3145,4,5
161,23,3330,5,4
162,23,2637,3,3.5
163,23,2377,5,4
164,23,2646,5,4.5
165,23,3675,5,3.5
166,23,3453,5,4
167,23,3688,4,3.5
168,23,1217,5,3.5
169,23,459,5,4
170,23,3121,5,3.5
171,23,616,5,4.5
172,23,737,4,4
175,23,3433,5,4
176,23,3450,4,3.5
178,23,2903,5,4
179,23,2362,5,3.5
180,23,285,5,3
181,23,841,5,5
182,23,1394,5,4
183,23,3600,4,3.5
184,23,2527,4,3.5
185,23,2922,5,3.5
186,23,23,5,5
187,23,2923,5,3.5
188,23,1598,3,2.5
189,23,767,5,4.5
190,23,2016,5,3.5
191,23,334,5,4
192,23,2672,5,3.5
193,23,2009,5,4.5
194,23,1510,4,5
196,23,738,5,3.5
197,23,416,5,4
198,23,1136,5,4
199,23,1444,5,5
200,23,2881,5,4
203,23,3814,5,4.5
204,23,3410,5,3
205,23,1835,5,4
206,23,1320,5,4
207,23,1644,4,4.5
208,23,748,5,4
211,23,3784,5,4.5
212,23,346,4,4.5
213,23,726,5,5
215,23,1615,4,3.5
216,23,1913,5,3.5
217,23,418,5,3.5
218,23,1140,4,3
219,23,1667,5,4.5
220,23,2056,5,4.5
221,23,1027,5,3.5
222,23,1589,5,4
223,23,468,5,4.5
224,23,589,5,4
225,23,1641,5,4
227,23,3044,5,4.5
228,23,525,5,3.5
229,23,2051,2,4.5
230,23,1139,5,4.5
231,23,3049,3,3
232,23,2095,5,5
233,23,990,4,3.5
234,23,784,5,4
235,23,3264,5,4.5
236,23,3730,5,4
237,23,672,5,3.5
238,23,3138,3,3
239,23,1292,5,3.5
242,23,2134,5,4
243,23,1386,5,4
245,23,1493,5,3.5
246,23,1016,5,4
247,23,3202,4,5
248,23,2029,5,4.5
249,23,1817,5,5
250,23,2704,5,4.5
251,23,2788,5,3.5
252,23,1860,3,3.5
254,23,2003,5,4.5
255,23,1625,5,4
257,23,3771,5,5
258,23,336,5,4
260,23,3070,5,3.5
261,23,2289,5,3.5
262,23,1630,5,5
263,23,2818,5,4.5
264,23,2625,5,4.5
265,23,2774,1,3
268,23,3745,5,3.5
269,23,755,5,3.5
270,23,3516,5,3
271,23,836,5,3.5
273,23,3278,5,5
274,23,1442,5,3.5
276,23,3006,5,5
277,23,3103,5,4
278,23,3651,4,4
279,23,2505,5,4
280,23,2241,4,3
281,23,954,4,3.5
282,23,2408,5,3.5
283,23,1032,5,4
284,23,3193,4,4
286,23,3007,5,5
287,23,2984,4,3.5
288,23,118,5,5
289,23,3071,4,3.5
290,23,3793,4,4
291,23,204,4,3.5
292,23,2926,4,3.5
293,23,218,5,4.5
294,23,2991,5,5
295,23,2810,5,3.5
296,23,2170,4,4
298,23,3220,5,4
299,23,153,5,4
300,23,213,5,5
301,23,1582,5,4
302,23,14,5,5
303,23,3156,5,5
304,23,442,4,4.5
307,23,1086,4,3
308,23,3065,5,3.5
309,23,3770,5,4
310,23,227,5,3.5
311,23,1244,5,4
312,23,442,4,4.5
313,23,2934,5,4
314,23,3110,4,3.5
315,23,714,5,5
316,23,1589,5,3.5
317,23,3283,5,3.5
318,23,2404,5,4.5
319,23,3588,5,4
320,23,707,5,4.5
321,23,1022,5,4.5
322,23,2201,5,3.5
323,23,701,5,4.5
324,23,562,4,5
325,23,3673,4,3
326,23,47,5,4
327,23,2703,4,4
328,23,1572,4,4.5
329,23,1454,5,4.5
330,23,3434,2,4
331,23,1438,5,4
332,23,1551,5,4.5
333,23,3724,5,4.5
334,23,3357,5,4
335,23,1787,5,3
336,23,1064,4,3.5
337,23,1495,5,3.5
338,23,3525,5,3.5
339,23,2180,5,3.5
340,23,3578,5,3.5
342,23,1106,5,4
343,23,2745,4,4
344,23,1719,5,4
346,23,2155,5,4
347,23,1028,5,3.5
348,23,3353,5,5
350,23,2678,5,3.5
351,23,3411,5,3.5
353,23,2823,5,3.5
354,23,2930,5,5
356,23,20,5,4.5
357,23,3391,4,2.5
358,23,474,5,3.5
359,23,3011,4,3.5
360,23,1024,3,4.5
361,23,3111,1,1.5
362,23,676,5,3.5
363,23,2536,4,5
364,23,684,5,5
365,23,3647,5,3
366,23,2187,4,4.5
367,23,1831,5,4
368,23,1589,3,2
369,23,1266,5,3.5
370,23,2671,5,4
372,23,2049,4,3.5
373,23,883,5,3.5
374,23,2524,5,4
375,23,286,5,3.5
376,23,1400,5,4
377,23,2463,5,4.5
378,23,1843,5,4
379,23,977,5,4
380,23,2641,4,3.5
381,23,3079,5,4.5
382,23,3541,4,4
383,23,993,3,3.5
384,23,2747,5,3.5
385,23,1866,5,4.5
386,23,1108,5,4
387,23,2428,5,5
388,23,1400,5,4.5
389,23,3689,5,4.5
390,23,3540,4,3.5
391,23,2859,5,4
392,23,3365,4,4.5
393,23,3787,4,4
394,23,1654,5,3
396,23,1590,5,3.5
398,23,3636,5,3
399,23,2287,5,3.5
400,23,252,4,3.5
401,23,2364,5,3.5
402,23,2252,5,4
403,23,2607,5,3.5
405,23,2341,5,4.5
406,23,2825,5,4.5
407,23,3050,4,3.5
408,23,1829,5,4
413,23,3043,4,3.5
414,23,3155,5,4
415,23,520,5,4
416,23,397,4,5
418,23,1028,5,3.5
419,23,3814,5,4
421,23,3372,5,5
422,23,1177,5,4
423,23,2512,5,5
424,23,919,5,3.5
425,23,1236,5,3
426,23,2165,4,3
427,23,1726,5,4
428,23,3239,5,2.5
429,23,2212,5,4
430,23,2036,5,3.5
431,23,1241,5,4
432,23,73,5,3
433,23,528,5,4
434,23,1797,5,4
435,23,1205,5,3.5
436,23,2703,4,3.5
437,23,3325,5,4.5
438,23,702,5,3.5
439,23,534,5,3.5
440,23,3560,5,5
441,23,1920,5,3
442,23,1255,5,4.5
443,23,1840,5,3
445,23,2475,5,4.5
446,23,1714,5,4
447,23,1778,5,3
448,23,315,5,4
449,23,2734,5,3.5
450,23,3262,4,3.5
451,23,2024,5,5
452,23,3565,5,3.5
453,23,2904,5,3.5
454,23,256,5,3.5
455,23,1221,5,4.5
456,23,3104,5,3.5
457,23,3021,5,4.5
458,23,1941,5,5
459,23,856,4,3.5
460,23,2071,5,4.5
461,23,446,3,5
462,23,1726,5,5
463,23,1362,5,3
464,23,1841,5,4.5
466,23,903,3,4
467,23,2498,5,4
468,23,2785,5,4.5
469,23,895,5,4
470,23,1611,5,3.5
472,23,3069,5,4
473,23,1476,5,3.5
474,23,1715,5,3.5
475,23,1773,5,4
476,23,3536,5,3.5
478,23,3225,5,5
479,23,2257,5,3.5
480,23,2826,5,4
482,23,2370,5,4
483,23,2336,5,3.5
484,23,3380,5,3.5
485,23,30,5,4.5
486,23,2589,5,3
487,23,1013,3,4
489,23,3797,4,3.5
491,23,878,5,2.5
493,23,1764,5,5
494,23,3507,4,4
496,23,511,5,4
497,23,1329,5,3.5
498,23,75,5,5
499,23,1210,4,3.5
501,23,820,5,3.5
502,23,3753,5,4
504,23,2202,1,3
505,23,808,5,2.5
506,23,3223,5,3.5
507,23,243,3,3.5
508,23,1788,5,3
509,23,2558,5,4
511,23,3330,5,4
512,23,2481,3,5
513,23,3253,5,3.5
515,23,553,1,2.5
518,23,3251,4,4.5
519,23,892,5,4.5
520,23,1765,5,4.5
521,23,3039,3,3
522,23,1361,5,4
523,23,2817,5,3.5
524,23,324,5,4.5
525,23,673,4,4
526,23,1433,5,5
527,23,2757,4,4
528,23,1963,5,3.5
529,23,2816,5,3.5
530,23,3064,5,4.5
531,23,2218,5,3.5
533,23,2301,5,4
534,23,1754,3,2.5
535,23,438,4,3.5
536,23,1173,3,5
537,23,1988,5,4.5
538,23,11,5,3.5
539,23,2665,4,4
540,23,747,5,4
541,23,2769,4,3
542,23,3056,5,4.5
543,23,3170,5,4.5
545,23,3482,5,2
546,23,3422,5,3.5
547,23,1348,4,5
548,23,3414,5,3.5
549,23,15,5,4.5
550,23,1952,5,4
551,23,678,5,5
552,23,909,5,3.5
553,23,1228,4,3.5
554,23,3604,5,3.5
555,23,811,5,3.5
556,23,921,5,4
557,23,524,5,3.5
559,23,465,4,3
560,23,2727,4,3.5
561,23,1993,3,2.5
562,23,1340,5,3
563,23,1932,5,4.5
564,23,386,5,4
567,23,656,4,4
568,23,3759,5,3
569,23,1301,4,5
570,23,2594,5,4.5
571,23,1197,5,4
572,23,2946,5,4
573,23,2164,5,4.5
576,23,2240,5,3.5
577,23,3369,5,4.5
578,23,221,5,4
579,23,1349,5,3
580,23,2624,4,5
581,23,958,5,3.5
584,23,2396,2,3
585,23,1153,5,4
586,23,2547,4,4
587,23,1396,4,4.5
588,23,1227,5,4.5
589,23,1433,5,3.5
590,23,147,5,4.5
591,23,1068,5,4
592,23,3147,5,4
593,23,3566,5,3.5
594,23,2607,4,4
595,23,739,5,4
596,23,1511,5,4
597,23,550,5,4
598,23,902,4,4
599,23,1021,4,3
600,23,3727,5,4.5
601,23,2546,5,4.5
602,23,309,5,5
604,23,1689,5,4.5
605,23,2690,5,4
606,23,2144,5,4.5
608,23,2817,5,3.5
610,23,2166,4,4
611,23,518,5,4
613,23,3743,5,4
614,23,591,5,3.5
615,23,2539,5,4.5
616,23,1163,5,5
617,23,2386,5,4
618,23,2102,5,5
619,23,3561,5,4
620,23,1260,4,4.5
621,23,3801,4,3.5
622,23,180,5,4
623,23,1160,5,4
625,23,2135,5,4
627,23,1284,5,3.5
628,23,1620,5,4
629,23,1785,5,4
630,23,2520,4,4
631,23,2600,3,3.5
632,23,574,5,3.5
633,23,1847,5,3
634,23,3785,4,4.5
635,23,837,5,3
636,23,935,5,4
638,23,39,5,3.5
639,23,2584,5,5
641,23,157,5,3.5
642,23,1553,5,5
643,23,280,5,4.5
644,23,396,5,3
645,23,1527,5,3.5
646,23,1811,5,5
647,23,220,4,4
649,23,1495,5,3.5
651,23,1225,3,3.5
652,23,897,5,3.5
653,23,1339,5,4
654,23,3317,5,5
655,23,2468,4,4
656,23,1174,4,4.5
657,23,1665,4,4.5
658,23,1797,4,4
659,23,3425,5,4
660,23,3176,5,4
661,23,3572,5,4
665,23,1234,4,4
666,23,198,5,4
667,23,1182,5,4
668,23,581,5,4
669,23,1214,4,4.5
670,23,1377,4,5
671,23,2900,5,4.5
672,23,2200,5,3.5
674,23,828,4,3
676,23,1455,5,3.5
677,23,1765,4,5
678,23,657,5,4
681,23,1888,5,3
682,23,492,5,5
683,23,1193,5,4
684,23,2645,5,5
685,23,3570,5,4
686,23,1393,4,4.5
687,23,2563,5,4.5
688,23,3246,4,4
689,23,177,5,4.5
690,23,670,5,3.5
691,23,644,5,4
692,23,238,5,5
693,23,331,4,3.5
694,23,2607,5,4
695,23,361,4,3.5
696,23,1357,5,4
697,23,1081,4,5
698,23,2736,5,4.5
699,23,1070,5,3.5
700,23,740,5,3.5
701,23,68,5,4.5
703,23,2963,3,3.5
705,23,3148,5,4
706,23,480,5,5
707,23,2182,5,5
708,23,1901,5,3.5
709,23,3741,5,4.5
711,23,2313,5,4.5
712,23,807,5,3.5
713,23,3769,5,4
715,23,1691,4,3
716,23,36,5,4
717,23,526,5,4
718,23,402,5,3.5
719,23,1054,5,3.5
720,23,1855,5,5
721,23,2796,4,3.5
722,23,379,4,3.5
723,23,277,4,4
724,23,2335,5,3.5
725,23,2569,5,3.5
726,23,102,5,5
728,23,1059,5,4
729,23,986,5,4.5
730,23,2638,5,3.5
731,23,1084,5,4.5
732,23,3699,5,4
733,23,3687,4,5
734,23,2096,5,3.5
735,23,208,5,4
736,23,40,4,3.5
737,23,1318,5,4.5
738,23,1988,5,5
739,23,74,4,5
740,23,2996,3,3.5
741,23,2513,5,4
742,23,1863,4,3.5
743,23,13,5,4
744,23,2005,5,4
745,23,3028,5,4
746,23,3198,4,4.5
747,23,1889,5,3.5
748,23,1837,5,4
749,23,2713,4,3.5
750,23,3015,5,5
751,23,108,5,3
752,23,179,5,4
753,23,3626,5,3
754,23,3771,5,4
755,23,711,5,5
756,23,1315,5,3
757,23,3495,5,4
758,23,1904,5,3.5
759,23,1585,5,4.5
760,23,365,5,4
761,23,1614,4,5
762,23,3350,5,3.5
763,23,230,5,3
764,23,542,4,4
765,23,3157,5,5
766,23,2833,5,3.5
767,23,1376,5,5
768,23,1078,5,3
769,23,2220,5,4
770,23,1528,4,3.5
771,23,226,4,4
772,23,1407,5,4
773,23,585,5,2
774,23,3698,5,4
775,23,594,5,3.5
776,23,2715,5,4.5
777,23,3208,3,2.5
778,23,1766,5,4
779,23,1747,5,4
780,23,3187,5,5
781,23,3222,5,3.5
782,23,1027,5,3.5
783,23,2574,5,4
784,23,1741,5,5
785,23,997,5,4
786,23,1021,4,3
787,23,2793,2,1.5
788,23,3175,5,5
789,23,2161,5,4.5
790,23,3734,5,4
791,23,1534,5,4.5
792,23,521,5,3
793,23,3019,4,4
794,23,2467,5,3.5
795,23,2097,5,5
796,23,2342,5,4
797,23,3676,5,3.5
798,23,1930,5,3.5
799,23,2563,5,3
800,23,3810,5,5
801,23,3242,1,5
802,23,1356,5,4.5
803,23,2746,4,3.5
804,23,879,5,5
805,23,1289,5,4
806,23,3469,5,3
807,23,208,5,4
808,23,776,4,4
809,23,1956,4,3.5
810,23,1876,4,4.5
811,23,981,5,4
812,23,474,4,4.5
813,23,3757,5,5
814,23,1936,5,5
815,23,226,4,5
816,23,2248,5,4
817,23,1604,4,3.5
818,23,2790,5,5
819,23,3679,5,5
820,23,955,5,4
821,23,3018,4,3.5
822,23,3216,5,5
823,23,1865,5,4.5
824,23,2844,5,4
825,23,3149,5,3.5
826,23,1767,5,4
827,23,1589,2,4
828,23,654,5,3.5
829,23,3340,4,3.5
830,23,1374,4,3
831,23,1434,5,3.5
832,23,3756,5,3.5
833,23,273,5,3.5
834,23,3598,5,4
835,23,297,5,4.5
836,23,342,4,3.5
837,23,1824,4,4
838,23,226,5,3.5
839,23,1539,2,3.5
840,23,1918,5,4
841,23,1303,5,3.5
842,23,3506,4,4
843,23,3811,4,3.5
844,23,1752,4,3.5
845,23,2496,5,4
846,23,2207,4,4
847,23,1566,5,3.5
848,23,2058,5,4.5
849,23,1760,5,4.5
850,23,2683,5,3.5
851,23,2688,5,5
852,23,2065,5,4.5
853,23,2029,4,3.5
854,23,1507,4,4
855,23,1826,5,4
856,23,3752,5,4
857,23,3051,5,5
858,23,3467,3,3.5
859,23,3534,4,4
860,23,703,4,4.5
861,23,166,3,3
862,23,2824,5,5
863,23,2118,5,3.5
864,23,2663,5,3
865,23,458,5,3
866,23,3346,3,4
867,23,2431,4,3.5
868,23,2602,5,4
869,23,3733,5,3
870,23,1921,5,4
871,23,226,5,3.5
872,23,1828,5,4
873,23,3489,5,5
874,23,1183,4,3.5
875,23,280,5,4
876,23,3664,4,5
877,23,1967,5,4.5
878,23,689,5,4
879,23,1586,5,4.5
880,23,1203,5,3.5
881,23,90,5,5
882,23,452,5,4.5
883,23,72,5,4
884,23,648,5,5
885,23,1425,4,3
886,23,1540,3,3.5
887,23,3449,5,4.5
888,23,938,4,3.5
889,23,2588,5,4
890,23,2550,4,4
891,23,3431,5,3
892,23,1903,5,3.5
893,23,3588,5,4
894,23,464,5,4
895,23,314,4,4
896,23,2655,3,2.5
897,23,1148,5,4.5
898,23,1629,5,2
899,23,2373,5,4
900,23,2771,5,3.5
901,23,2856,5,4
902,23,2789,5,3.5
903,23,3132,4,3.5
904,23,456,5,3.5
905,23,170,5,3
906,23,2775,5,3.5
907,23,914,5,3.5
908,23,3519,5,4
909,23,2064,5,3
910,23,1491,5,3.5
911,23,2054,5,5
912,23,1601,5,4
913,23,562,4,3.5
914,23,969,5,4
915,23,1479,3,2.5
916,23,1560,5,4
917,23,1483,5,4
918,23,472,5,4.5
919,23,2648,5,3.5
920,23,2851,5,4
921,23,2709,5,4.5
922,23,3522,5,4
923,23,2924,5,4
924,23,3068,4,4
925,23,3624,5,3.5
926,23,1789,5,4.5
927,23,467,5,4
928,23,2834,5,5
929,23,1735,5,4
930,23,785,5,5
931,23,642,5,3.5
932,23,2598,5,4
933,23,556,3,2.5
934,23,3122,5,4
935,23,226,4,5
936,23,1113,5,4
937,23,1789,4,5
938,23,86,5,3
939,23,3300,5,3.5
940,23,3814,5,3.5
941,2,3266,5,3.5
942,2,3665,5,4
943,2,2944,5,4
944,2,2232,5,3.5
945,20,137,5,3.5
946,20,442,5,4
947,20,17,5,3.5
948,20,3391,5,5
949,20,3814,5,4
950,20,3783,4,3
951,20,3471,5,4
952,20,1649,5,3.5
953,20,735,5,4
954,20,1879,5,4.5
955,20,884,5,5
956,20,559,5,4.5
957,20,2357,5,4
958,20,3786,5,3.5
959,20,276,5,3.5
960,20,1653,3,2.5
961,20,1575,5,4
962,20,1530,5,3.5
963,20,3216,5,5
964,20,3389,5,4
965,20,1034,4,4
966,20,551,5,4
967,20,2167,4,5
968,20,1138,5,3.5
969,20,2706,4,4
970,20,1685,5,4.5
971,20,1350,5,5
972,20,1262,4,4
973,20,2740,5,3.5
974,20,1336,5,4
975,20,3490,5,4
976,20,3727,5,4
977,20,749,5,3.5
978,20,3194,5,4
979,20,1683,5,4.5
980,20,1400,5,3.5
981,20,833,5,4.5
982,20,1375,4,4
983,20,356,5,5
984,20,700,4,3.5
985,20,2169,5,4
986,20,3176,5,4
987,20,3419,5,4
988,20,1130,5,4.5
989,20,259,5,3.5
990,20,1000,5,4
991,20,2476,4,4
992,20,1341,5,3.5
993,20,226,5,3.5
994,20,1908,5,3.5
995,20,390,5,4
996,20,52,5,4
997,20,2817,5,3.5
998,20,1278,5,4
999,20,1594,5,4
1000,20,437,5,4.5
1001,20,3472,4,3.5
1002,20,715,5,2.5
1003,20,1965,5,4.5
1004,20,3526,2,3
1005,20,3274,5,5
1006,20,1178,5,4.5
1007,20,2837,5,4.5
1008,20,558,4,2.5
1009,20,1226,5,5
1010,20,1910,4,3.5
1011,20,671,5,5
1012,20,1726,5,4.5
1013,20,3722,5,4
1014,20,887,5,4.5
1015,20,1802,5,3.5
1016,20,1101,5,3
1017,20,3014,5,4.5
1018,20,731,5,3.5
1019,20,1683,5,4.5
1020,20,888,5,4.5
1021,20,1792,5,4
1022,20,966,5,3
1023,20,2594,5,3
1024,20,1910,5,3.5
1025,20,3312,5,4
1026,20,3176,5,5
1027,20,1872,4,3.5
1028,20,2840,5,4
1029,20,3313,5,4.5
1030,20,3,5,4
1031,20,280,5,3
1032,20,881,4,4.5
1033,20,3439,5,3.5
1034,20,2660,5,3.5
1035,20,2750,5,4
1036,20,3315,4,4
1037,20,3533,5,4
1038,20,89,5,5
1039,20,1006,5,5
1040,20,147,4,4
1041,20,593,5,5
1042,20,3719,5,4.5
1043,20,3395,5,4
1044,20,1535,5,4.5
1045,20,489,5,3
1046,20,2676,4,3.5
1047,20,3806,5,4
1048,20,226,5,4.5
1049,20,1626,5,5
1050,20,1480,5,4.5
1051,20,1765,4,3.5
1052,20,3728,5,4
1053,20,1569,5,5
1054,20,2155,5,3.5
1055,20,1279,5,4
1056,20,226,5,4
1057,20,2723,4,4
1058,20,559,5,4
1059,20,2379,5,3.5
1060,20,1517,5,3.5
1061,20,1206,5,4
1062,20,1479,5,4
1063,20,606,5,3.5
1064,20,686,4,4
1065,20,1299,5,4
1066,20,265,3,3.5
1067,20,42,5,3
1068,20,2957,5,3.5
1069,20,2835,5,4
1070,20,1836,5,2.5
1071,20,1978,5,3
1072,20,3531,3,3.5
1073,20,3666,5,4.5
1074,20,624,5,4
1075,20,2626,5,3.5
1076,20,793,5,4
1077,20,3473,5,4
1078,20,1446,5,4
1079,20,589,5,3.5
1080,20,1353,5,3.5
1081,20,3165,4,3.5
1082,20,2604,4,3.5
1083,20,3199,5,4
1084,20,1671,5,4.5
1085,20,3345,5,5
1086,20,1819,5,3.5
1087,20,2280,4,2.5
1088,20,2210,5,3.5
1089,20,3472,5,3
1090,20,71,5,3.5
1091,20,1310,5,3.5
1092,20,945,5,4
1093,20,3460,5,4
1094,20,1664,5,4
1095,20,1875,2,2
1096,20,3808,4,5
1097,20,963,5,3.5
1098,20,3491,5,5
1099,20,1208,4,4
1100,20,315,5,4
1101,20,250,5,3.5
1102,20,924,5,3
1103,20,727,5,4
1104,20,1949,5,3.5
1105,20,1302,5,5
1106,20,799,5,4.5
1107,20,2749,5,5
1108,20,824,4,3.5
1109,20,2985,5,3.5
1110,20,2564,2,3
1111,20,1897,5,4.5
1112,20,3737,4,4.5
1113,20,2224,5,3
1114,20,3436,5,4
1115,20,2857,5,4.5
1116,20,1137,5,4
1117,20,3701,5,4
1118,20,1709,5,3
1119,20,471,5,3.5
1120,20,1304,5,4
1121,20,2467,5,4
1122,20,1738,5,4
1123,20,928,5,3.5
1124,20,2544,5,3.5
1125,20,1354,5,3.5
1126,20,288,5,3
1127,20,1921,4,3.5
1128,20,3556,5,4.5
1129,20,1447,5,3.5
1130,20,960,5,4.5
1131,20,3791,5,3.5
1132,20,2994,5,4
1133,20,2767,5,4
1134,20,2260,4,4
1135,20,903,5,3
1136,20,3209,5,4.5
1137,20,675,5,4
1138,20,2308,4,4
1139,20,3355,4,4
1140,20,3036,5,5
1141,20,3204,5,4.5
1142,20,1692,5,2.5
1143,20,3627,5,5
1144,20,1387,5,4
1145,20,2797,5,4
1146,20,121,5,3
1147,20,900,5,5
1148,20,1378,5,4
1149,20,2437,5,4.5
1150,20,3451,4,3
1151,20,1607,4,4
1152,20,2213,5,3
1153,20,2000,5,3
1154,20,1271,4,4
1155,20,1397,5,5
1156,20,582,4,3
1157,20,3526,3,3
1158,20,2805,4,4
1159,20,2295,5,3.5
1160,20,2972,5,5
1161,20,975,4,5
1162,20,1732,4,3.5
1163,20,3398,5,4
1164,20,1334,5,3.5
1165,20,3680,5,3.5
1166,20,2955,4,3.5
1167,20,2372,4,3.5
1168,20,618,5,4
1169,20,2733,5,5
1170,20,773,5,3.5
1171,20,2454,5,4.5
1172,20,1145,2,5
1173,20,1494,5,3.5
1174,20,3526,5,4.5
1175,20,2571,5,4
1176,20,3254,5,4
1177,20,1414,4,5
1178,20,2467,4,4
1179,20,82,5,4
1180,20,3551,5,4
1181,20,2358,5,4.5
1182,20,1506,4,3.5
1183,20,3760,5,4.5
1184,20,1015,5,3.5
1185,20,2464,5,4.5
1186,20,3486,5,5
1187,20,850,5,4.5
1188,20,1001,5,4.5
1189,20,1508,4,4
1190,20,3476,5,4
1191,20,136,5,4
1192,20,814,5,4
1193,20,2217,5,3
1194,20,1055,4,4.5
1195,20,1116,5,5
1196,20,2055,5,3
1197,20,3113,5,5
1198,20,2710,4,3
1199,20,308,5,3.5
1200,20,3610,5,4.5
1201,20,1726,4,4
1202,20,2831,5,4.5
1203,20,3643,5,5
1204,20,3520,5,3.5
1205,20,2123,5,4
1206,20,3580,5,3.5
1207,20,1758,5,3
1208,20,2966,5,4
1209,20,3331,5,4
1210,20,3526,4,4.5
1211,20,774,4,3.5
1212,20,736,5,3.5
1213,20,3399,5,3.5
1214,20,1554,4,4
1215,20,1784,5,4
1216,20,579,5,3.5
1217,20,3069,5,4
1218,20,3249,5,4.5
1219,20,1600,5,3
1220,20,1350,5,4.5
1221,20,3260,5,5
1222,20,911,5,3
1223,20,3403,4,4
1224,20,687,5,4
1225,20,1430,5,3.5
1226,20,3003,5,4
1227,20,988,5,5
1228,20,3700,5,3.5
1229,20,2511,3,3.5
1230,20,2129,5,4.5
1231,20,3205,5,4
1232,20,1774,5,4.5
1233,20,2885,5,5
1234,20,3738,5,4
1235,20,1211,5,5
1236,20,1761,5,3
1237,20,3364,5,4
1238,20,3056,5,4.5
1239,20,3706,5,3.5
1240,20,312,4,4
1241,20,1810,5,4
1242,20,133,4,4.5
1243,20,3077,5,5
1244,20,3608,5,4
1245,20,3798,5,4
1246,20,2320,5,3.5
1247,20,1736,4,4.5
1248,20,2950,5,5
1249,20,1102,5,3.5
1250,20,2066,4,4.5
1251,20,1469,3,4
1252,20,2981,5,4
1253,20,134,5,4.5
1254,20,41,5,4.5
1255,20,44,5,3.5
1256,20,1395,4,3.5
1257,20,875,5,4.5
1258,20,1921,5,3.5
1259,20,2219,4,4
1260,20,125,5,4.5
1261,20,3123,5,3.5
1262,20,424,5,4
1263,20,10,5,5
1264,20,1979,5,3
1265,20,3112,4,4
1266,20,3420,4,3
1267,20,3602,5,4
1268,20,771,5,4
1269,20,3480,5,3.5
1270,20,1044,5,4
1271,20,872,4,4
1272,20,1463,5,3.5
1273,20,1740,4,3.5
1274,20,791,5,5
1275,20,1966,5,3.5
1276,20,138,4,2.5
1277,20,1830,5,2.5
1278,20,586,5,3.5
1279,20,629,5,4
1280,20,3206,5,4.5
1281,20,1390,5,3.5
1282,20,1428,5,5
1283,20,3059,5,3.5
1284,20,1662,5,3.5
1285,20,2522,5,4
1286,20,2349,5,4.5
1287,20,994,5,3.5
1288,20,1980,5,4
1289,20,328,5,4
1290,20,2228,5,3
1291,20,403,4,4
1292,20,2339,5,4
1293,20,2383,3,3.5
1294,20,866,5,5
1295,20,374,5,3.5
1296,20,346,5,4
1297,20,1874,5,3.5
1298,20,3584,5,5
1299,20,1588,5,4.5
1300,20,2110,5,4
1301,20,3031,5,3
1302,20,3338,5,4
1303,20,3289,5,2.5
1304,20,176,5,5
1305,20,2486,5,4.5
1306,20,2021,5,4.5
1307,20,3255,5,4.5
1308,20,324,5,3
1309,20,3214,5,5
1310,20,1327,5,4.5
1311,20,3800,5,5
1312,20,877,5,5
1313,20,111,5,3
1314,20,3200,4,3.5
1315,20,3332,5,2.5
1316,20,843,5,4
1317,20,648,5,4
1318,20,3370,5,4.5
1319,20,3782,5,4
1320,20,3407,5,4.5
1321,20,1504,5,4.5
1322,20,127,5,4
1323,20,2309,5,4
1324,20,1258,5,4
1325,20,1256,5,4
1326,20,3783,4,3.5
1327,20,1075,5,4.5
1328,20,3237,5,4
1329,20,45,5,5
1330,20,611,5,5
1331,20,2817,5,3.5
1332,20,2496,5,4.5
1333,20,289,5,5
1334,20,1007,5,4
1335,20,135,5,3.5
1336,20,3443,4,4.5
1337,20,1576,5,4.5
1338,20,1092,5,4
1339,20,685,5,3.5
1340,20,3669,2,3
1341,20,1116,5,4.5
1342,20,3354,5,4
1343,20,2741,5,4.5
1344,20,171,5,3.5
1345,20,2645,5,5
1346,20,3411,5,4.5
1347,20,3333,5,4
1348,20,992,4,2.5
1349,20,1834,5,4.5
1350,20,557,3,4
1351,20,3005,5,4
1352,20,2370,5,4
1353,20,2723,4,4
1354,20,3499,5,4.5
1355,20,1596,5,3.5
1356,20,1770,4,3
1357,20,638,5,4.5
1358,20,1616,5,5
1359,20,2137,5,4.5
1360,20,2563,5,4.5
1361,20,1742,5,4
1362,20,1621,4,4.5
1363,20,2380,5,3.5
1364,20,443,5,3.5
1365,20,367,5,5
1366,20,1101,5,4
1367,20,3415,5,4
1368,20,1525,4,3
1369,20,1267,5,4
1370,20,1479,5,4
1371,20,3750,5,4
1372,20,3718,5,3
1373,20,275,5,4.5
1374,20,592,5,4.5
1375,20,1914,5,3.5
1376,20,2449,4,4.5
1377,20,2443,5,4
1378,20,1842,5,4.5
1379,20,3271,5,3.5
1380,20,2318,5,4.5
1381,20,2419,5,4
1382,20,1739,5,4
1383,20,3527,5,5
1384,20,1694,5,3.5
1385,20,2529,5,4
1386,20,3503,5,4.5
1387,20,1706,5,4
1388,20,1710,4,3.5
1389,20,2616,4,5
1390,20,2483,5,4.5
1391,20,1499,5,4
1392,20,1976,3,2.5
1393,20,428,4,4.5
1394,20,2043,5,3
1395,20,2105,5,4
1396,20,3686,5,4
1397,20,1717,5,5
1398,20,2175,5,3.5
1399,20,3009,4,4
1400,20,3400,5,3.5
1401,20,1995,3,3
1402,20,2583,5,4
1403,20,3595,5,4
1404,20,140,4,4
1405,20,1219,5,4
1406,20,3371,5,3.5
1407,20,3192,4,3
1408,20,2374,5,4
1409,20,2521,1,2.5
1410,20,886,5,4
1411,20,442,5,4
1412,20,1640,5,3
1413,20,2122,5,4
1414,20,3763,5,3
1415,20,893,5,4
1416,20,2744,5,2.5
1417,20,347,5,4.5
1418,20,324,3,3.5
1419,20,2437,5,3
1420,20,527,5,3.5
1421,20,278,5,4
1422,20,2423,5,4
1423,20,2127,5,4
1424,20,2319,5,5
1425,20,2865,5,2.5
1426,20,1039,5,4.5
1427,20,1004,4,4.5
1428,20,349,4,3
1429,20,37,5,3.5
1430,20,2130,5,3.5
1431,20,2492,5,3.5
1432,20,63,5,4
1433,20,2817,5,5
1434,20,2821,5,4.5
1435,20,2209,5,4
1436,20,904,5,3.5
1437,20,1652,4,5
1438,20,324,5,5
1439,20,1910,5,4
1440,20,968,5,3.5
1441,20,2817,5,3.5
1442,20,375,5,5
1443,20,3412,4,3.5
1444,20,280,5,4
1445,20,3316,5,3.5
1446,20,147,5,4
1447,20,1017,5,4
1448,20,3318,3,3.5
1449,20,2060,3,2.5
1450,20,425,4,3.5
1451,20,2552,5,3.5
1452,20,2496,5,4
1453,20,172,5,4
1454,20,1942,5,4
1455,20,3407,5,4.5
1456,20,568,5,4
1457,20,1194,5,4.5
1458,20,2271,4,3.5
1459,20,3601,5,4
1460,20,1161,5,4
1461,20,1922,4,3.5
1462,20,2541,5,3.5
1463,20,2172,5,4
1464,20,3461,5,4
1465,20,1368,4,3
1466,20,3299,5,4.5
1467,20,2178,5,3.5
1468,20,3557,5,5
1469,20,291,5,5
1470,20,3564,4,3.5
1471,20,3098,5,3.5
1472,20,864,5,4.5
1473,20,2176,5,3
1474,20,3002,5,4
1475,20,1408,5,4
1476,20,1202,5,3.5
1477,20,494,5,3.5
1478,20,3702,5,4
1479,20,2414,5,3.5
1480,20,2302,4,4
1481,20,3105,5,4
1482,20,3504,5,3.5
1483,20,2035,5,4
1484,20,666,5,5
1485,20,3455,5,3.5
1486,20,2437,5,4
1487,20,3609,2,2
1488,20,2112,5,4
1489,20,2568,5,3.5
1490,20,916,5,3.5
1491,20,2687,5,4.5
1492,20,228,5,4
1493,20,421,5,4
1494,20,226,5,4.5
1495,20,2087,5,4.5
1496,20,1943,4,3
1497,20,1342,5,4.5
1498,20,3182,5,4
1499,20,2862,4,5
1500,20,460,5,3.5
1501,20,2429,5,4.5
1502,20,2303,5,3.5
1503,20,873,5,4
1504,20,1617,5,4.5
1505,20,3429,5,4
1506,20,2878,5,4
1507,20,1445,5,3.5
1508,20,371,2,2.5
1509,20,1273,5,4
1510,20,330,5,3.5
1511,20,2409,5,5
1512,20,323,4,3
1513,20,1448,5,3.5
1514,20,3195,5,3.5
1515,20,1297,5,3
1516,20,3227,5,3.5
1517,20,605,5,3.5
1518,20,1808,4,4
1519,20,2723,4,4.5
1520,20,3507,5,3
1521,20,889,5,4.5
1522,20,190,5,3
1523,20,3634,4,4
1524,20,2945,3,4
1525,20,3808,4,3.5
1526,20,1481,5,4
1527,20,226,5,4
1528,20,3176,5,4
1529,20,899,5,5
1530,20,3466,5,4
1531,20,931,4,4.5
1532,20,1087,5,4
1533,20,2286,5,3.5
1534,20,2929,5,5
1535,3,3505,5,4
1536,3,1468,5,3.5
1537,3,1938,5,4.5
1538,3,2898,5,3.5
1539,3,1912,5,4
1540,3,226,5,3.5
1541,3,2543,3,4.5
1542,3,2307,5,3
1543,3,3216,5,3.5
1544,3,2677,5,3.5
1545,3,583,5,4.5
1546,3,1290,5,3.5
1547,3,1750,5,3.5
1548,3,3622,5,3.5
1549,3,708,5,2
1550,3,2327,5,3.5
1551,3,3363,5,4
1552,3,1729,5,5
1553,3,3099,5,3.5
1554,3,3485,5,3.5
1555,3,1025,5,4
1556,3,496,4,4.5
1557,16,359,4,4.5
1558,16,1388,5,3.5
1559,16,1421,4,5
1560,9,3512,5,4
1561,16,2012,5,4
1562,16,1648,3,3.5
1563,16,76,5,5
1564,16,490,5,3.5
1565,4,1296,5,3.5
1566,16,1636,5,4.5
1568,4,3061,5,4.5
1569,16,3552,5,4
1571,9,1078,5,4
1572,16,2061,5,4
1573,7,1939,4,4
1574,7,1825,1,3.5
1575,4,1738,5,3.5
1576,7,1257,5,3.5
1577,16,3291,1,2.5
1578,9,2497,4,2.5
1579,7,2008,5,4.5
1581,4,2199,5,3.5
1582,7,2028,5,3.5
1583,16,791,5,4
1584,16,2008,5,4.5
1585,7,3458,5,3.5
1586,4,543,2,4
1587,16,3308,5,5
1588,4,717,5,4
1589,4,3510,5,3.5
1590,16,3513,4,4
1591,16,2596,5,3.5
1592,16,2151,4,3
1593,16,3247,5,5
1595,7,3775,5,3.5
1596,9,443,4,3.5
1597,16,2162,5,4.5
1598,16,3611,5,4
1599,4,253,3,2.5
1600,16,1500,4,3.5
1601,9,2315,5,5
1602,4,2673,5,3.5
1603,16,1581,5,3.5
1604,4,722,5,4
1605,16,2124,5,4.5
1606,7,1245,5,3.5
1607,16,2839,5,3.5
1608,16,1536,5,3.5
1609,9,1464,4,3
1610,16,3776,5,4
1611,9,1479,5,3
1612,16,1170,5,4
1613,16,348,5,4
1614,9,3684,5,4
1615,4,2203,4,4
1616,4,2258,5,4
1617,16,720,3,3
1618,16,3233,5,4
1619,10,3454,4,4
1620,16,3186,5,5
1622,4,3357,4,5
1623,16,1643,5,3.5
1624,4,2901,4,3.5
1625,7,3803,5,3.5
1626,9,3,4,4
1627,16,3725,4,3.5
1628,7,2479,4,3.5
1629,9,2457,4,4.5
1630,9,461,4,4
1631,4,2725,5,5
1632,16,1532,5,4.5
1634,7,3118,5,4
1635,4,1146,5,4
1636,16,2765,5,4
1637,4,2233,5,4
1638,16,1996,4,4
1639,16,664,4,5
1640,4,3765,1,3
1641,16,723,5,4
1642,4,3682,5,4
1643,16,905,5,3.5
1644,16,2551,5,3.5
1645,16,1105,5,5
1646,16,237,5,4
1647,6,1699,5,5
1648,4,838,5,4
1649,7,2205,4,4
1650,4,985,5,3.5
1651,16,1030,4,4
1653,4,2593,4,4
1654,4,1223,4,3.5
1655,4,1502,5,5
1656,10,570,5,4
1657,4,512,5,4
1658,16,3715,5,3.5
1659,16,1345,4,2.5
1660,4,794,5,3.5
1661,16,2155,5,4.5
1662,4,1915,5,4
1663,6,272,4,3.5
1664,4,2590,4,4.5
1665,7,1184,5,3.5
1667,7,1565,5,5
1668,16,475,5,3.5
1669,16,162,5,4
1670,4,3579,5,3.5
1671,4,1399,5,5
1672,9,1638,5,3.5
1673,9,848,5,3.5
1674,16,529,5,4
1675,16,1947,4,4.5
1676,7,119,2,2.5
1677,4,548,5,4.5
1678,4,2817,5,4.5
1680,16,3544,3,2.5
1681,16,1570,5,4.5
1682,16,3650,5,4
1683,16,656,5,5
1684,16,497,5,4
1685,16,2494,4,4
1686,7,3575,4,3
1687,4,324,3,3
1688,4,2044,4,3.5
1689,9,1688,5,4.5
1690,4,423,5,4
1691,4,2321,5,4
1692,7,2297,3,2.5
1693,9,3762,5,4
1694,4,1693,5,4.5
1695,16,1939,4,4
1696,16,2766,5,5
1697,16,2599,4,4.5
1698,16,3705,5,3
1699,4,2410,5,4.5
1700,4,1590,4,3.5
1701,4,3253,5,3.5
1702,6,2098,5,4
1704,16,1580,5,3
1705,4,2006,4,4
1706,16,444,5,3.5
1707,4,3714,5,4.5
1709,16,3677,5,3.5
1710,16,3080,5,4
1711,7,2390,5,4
1712,9,227,5,4
1713,10,3413,4,3.5
1714,4,652,5,4.5
1715,16,3296,5,4.5
1716,16,1997,5,5
1717,4,442,5,4.5
1718,9,2063,5,3.5
1719,16,3435,5,4
1720,16,3729,5,4
1721,16,2674,5,5
1722,16,1658,5,3
1723,9,758,5,4.5
1724,4,2967,4,3.5
1725,16,2848,5,4
1726,4,1422,4,5
1727,16,1697,4,4
1728,6,196,4,4
1729,16,2987,5,3.5
1730,16,2369,5,3
1731,4,3497,3,4
1732,16,942,4,3.5
1733,9,2743,5,3.5
1734,16,3087,5,4.5
1735,6,1443,1,2
1736,9,3302,5,4.5
1737,7,2025,3,3.5
1738,16,3269,4,3
1739,9,1419,5,4.5
1740,16,3362,3,5
1741,4,2328,5,3.5
1742,16,1093,5,4.5
1744,16,1048,5,3
1745,16,1308,5,3.5
1746,16,3720,4,4
1747,16,1078,5,4
1748,4,2344,5,4.5
1749,7,249,5,4
1750,16,3304,5,3.5
1751,4,3456,5,5
1752,4,1254,4,3.5
1753,16,3256,5,4.5
1754,7,2951,5,4
1755,7,2776,5,3.5
1756,16,3094,5,3
1757,4,2915,4,3
1758,4,2099,4,4
1759,16,91,5,3.5
1760,16,146,5,3.5
1761,4,2698,4,4
1762,6,3507,5,4.5
1763,4,1906,3,3.5
1764,9,3569,4,3
1765,10,1531,4,4.5
1766,9,690,5,3.5
1767,16,3581,5,3.5
1768,4,399,5,3.5
1769,4,782,4,3.5
1770,7,3535,5,4
1771,16,573,5,4.5
1772,16,834,5,5
1773,16,249,5,4
1774,4,2026,4,4
1775,9,2701,4,5
1776,4,2748,5,4.5
1777,4,552,5,4
1778,9,626,5,3.5
1779,16,3017,3,4.5
1780,16,3603,1,2.5
1781,16,982,4,4
1782,4,2292,5,5
1783,4,1959,5,5
1784,16,3727,5,3.5
1785,16,1257,5,3.5
1786,4,2773,5,4.5
1787,9,2872,5,3.5
1788,16,234,5,2.5
1789,16,442,5,3.5
1790,7,2691,4,4
1791,7,3464,5,4
1793,9,2807,4,4.5
1794,6,1993,5,5
1795,16,92,5,3.5
1796,4,3532,5,3.5
1797,9,766,4,2.5
1798,9,3783,4,4
1799,16,912,5,4
1800,16,3548,5,4
1801,9,2695,4,4
1802,16,3137,5,4.5
1803,4,3385,5,3
1804,16,498,4,4.5
1805,16,31,5,3.5
1806,7,161,5,3.5
1807,6,2537,4,4
1808,4,1709,5,3.5
1809,4,3814,5,4
1810,16,1033,1,3
1811,16,3671,5,4
1812,16,2612,4,4.5
1813,16,563,5,4
1814,4,3758,5,3.5
1815,7,1185,5,4
1816,16,2597,4,3.5
1817,16,2613,5,4
1818,6,772,4,5
1819,4,743,5,5
1820,4,3727,5,4
1821,16,3158,4,4.5
1822,10,1141,5,4
1823,7,1030,4,4
1824,4,1175,5,4.5
1825,4,3406,5,3.5
1826,4,109,5,5
1827,16,3711,5,4.5
1828,6,657,5,4
1829,7,182,5,4
1830,9,2524,5,4
1831,4,554,4,3
1832,16,1737,4,4
1833,9,269,4,4
1834,16,950,4,3.5
1835,4,1286,5,4
1836,9,604,5,4.5
1837,4,1619,5,4.5
1838,4,2905,1,3.5
1839,16,1632,4,4.5
1840,16,1518,4,3.5
1842,16,2090,5,4.5
1843,4,2048,3,3.5
1844,9,2545,5,3.5
1845,9,3143,4,3.5
1846,16,1484,5,4.5
1847,4,1623,5,4
1848,7,1117,4,4
1849,10,3030,4,3
1850,4,1498,5,4
1851,4,3510,5,3.5
1852,7,942,4,3.5
1853,9,3248,5,4
1854,7,3184,5,4.5
1855,16,791,5,4
1856,7,1351,5,3
1857,9,3657,4,4.5
1858,4,329,4,5
1859,9,3814,3,3.5
1860,4,3190,4,3.5
1861,4,3614,5,3
1862,4,3804,4,4
1863,4,1781,5,4.5
1864,16,2288,4,5
1865,16,1240,5,5
1866,16,1209,5,4
1867,16,24,5,3.5
1868,4,393,5,4
1869,16,2614,5,3.5
1870,7,1458,5,3.5
1871,9,382,5,4
1872,6,1324,5,4
1873,16,2768,5,3.5
1874,16,417,5,5
1875,16,3140,5,4
1876,4,3484,5,4
1877,4,2580,4,4
1878,7,2925,5,3.5
1879,4,1370,4,4
1880,16,226,5,3
1881,16,3502,3,3.5
1882,7,3663,4,4
1883,4,139,5,5
1884,7,1527,5,4
1885,9,3117,4,4.5
1886,16,1290,4,4
1887,7,348,5,4
1888,9,3042,5,4.5
1889,16,3498,5,3
1890,10,1493,5,4
1891,16,1762,5,4
1892,10,999,5,4
1893,16,178,4,4
1894,16,725,5,4
1895,6,588,5,5
1896,9,3388,4,2.5
1897,9,372,4,3.5
1898,16,2949,5,3.5
1899,16,809,5,4
1900,7,3054,4,3
1901,7,3150,5,4
1902,10,3481,5,5
1903,16,25,5,4.5
1904,16,1722,5,4.5
1905,4,156,4,5
1906,4,1412,5,4.5
1907,4,2452,5,3.5
1908,16,3670,5,4.5
1909,4,806,5,3.5
1910,16,2716,5,5
1911,7,3292,5,3.5
1913,16,1804,1,3
1914,16,2737,5,5
1915,16,1744,5,4
1916,16,2451,4,3.5
1917,16,301,5,4.5
1918,4,1406,5,4
1919,9,1546,3,2.5
1920,4,1821,4,4
1921,4,3515,5,4
1922,4,3803,5,4
1923,7,2116,5,3.5
1924,4,3526,4,3.5
1926,16,3596,5,3.5
1927,16,434,3,5
1928,16,2495,5,3.5
1929,4,1200,5,3
1931,6,1142,4,3
1932,4,645,4,3.5
1933,10,1902,4,4
1934,16,844,5,4
1935,4,158,5,3.5
1936,9,868,5,5
1937,4,3392,3,3.5
1938,6,77,5,4
1939,9,2173,4,5
1940,4,3078,5,4
1941,16,246,5,3.5
1942,6,1679,5,3.5
1943,4,1928,5,3.5
1944,10,3119,4,4.5
1945,16,3351,5,3.5
1946,9,1564,5,4.5
1947,4,45,5,5
1948,7,1259,5,4.5
1949,4,3514,5,3.5
1950,9,756,5,5
1951,4,2453,5,3.5
1952,4,350,5,4
1953,16,3423,5,4.5
1954,16,2371,5,4
1955,6,305,4,4
1956,4,3153,5,3
1957,16,3076,4,4.5
1958,10,1103,4,3.5
1959,4,3000,5,4
1960,7,1744,3,4.5
1961,16,2711,5,4.5
1962,6,2100,4,3
1963,16,821,4,4.5
1964,9,3167,5,3.5
1965,4,655,5,4
1966,4,1242,5,4
1967,9,338,3,2.5
1968,16,3323,5,4
1969,16,117,5,5
1970,7,2405,5,4
1971,16,1645,4,2.5
1972,4,1429,3,2
1973,7,1509,5,4
1974,4,1067,5,4.5
1975,16,3814,5,4
1976,16,2602,5,3.5
1977,4,325,4,3.5
1978,4,3629,5,4.5
1979,7,1561,5,4
1980,16,942,4,3.5
1981,16,2472,5,4.5
1982,7,2399,5,3.5
1983,9,2607,5,4
1985,6,3803,5,5
1986,4,2909,5,4
1987,16,1126,5,3
1988,16,917,5,5
1989,7,1985,5,3.5
1990,16,3663,4,4
1991,9,3776,5,3.5
1992,4,3408,5,4
1993,16,290,5,4
1994,4,2299,5,4
1995,4,3244,5,3
1996,4,660,5,3.5
1997,16,810,4,3.5
1998,16,1733,5,3.5
1999,4,3205,5,2.5
2001,16,535,3,3
2002,4,3124,5,3
2003,7,2958,4,4
2005,16,693,5,4
2006,4,802,5,4.5
2007,16,2496,5,4
2008,7,469,5,4
2009,16,801,5,3.5
2010,16,3196,5,3
2011,16,2838,5,4
2013,4,2184,5,3.5
2014,16,641,5,4.5
2015,4,144,5,4
2016,7,2484,4,3
2017,7,1263,5,4
2018,4,871,5,4.5
2019,6,3681,5,3
2020,4,2310,5,5
2021,7,1864,5,4.5
2022,16,2776,5,3.5
2023,16,126,4,4
2024,16,2530,4,2.5
2025,7,1229,5,5
2026,16,1448,4,3.5
2027,4,704,5,3.5
2028,16,1243,5,4
2029,16,1229,5,5
2030,6,57,5,3.5
2032,16,2853,5,4.5
2033,16,2642,5,3.5
2034,7,862,5,4
2035,16,1285,4,5
2036,4,1435,5,3
2038,6,2643,4,4
2039,4,1218,4,3
2040,4,768,5,5
2041,16,149,4,3.5
2042,16,614,4,5
2043,16,143,5,4
2044,6,1436,5,5
2045,16,1723,4,4
2046,16,1413,4,5
2047,4,1123,5,4
2048,9,2447,4,3
2049,16,2791,5,3.5
2050,16,3204,5,4
2051,16,2484,4,3
2052,4,3358,4,5
2053,4,1049,5,3.5
2054,16,2855,4,4
2055,16,3295,5,3.5
2056,7,1437,5,3.5
2057,9,1150,5,3.5
2058,9,2627,5,4
2059,16,2708,5,3.5
2060,16,3013,5,4.5
2061,7,189,5,4.5
2062,16,2770,4,4
2063,16,651,2,3
2064,16,1354,5,4.5
2065,7,3228,5,3.5
2066,6,1448,5,3.5
2067,16,226,4,3
2068,16,2113,4,4.5
2069,7,2296,5,4
2070,16,3349,5,4
2071,6,650,4,4
2072,9,533,5,5
2073,16,2265,4,3.5
2074,7,3106,2,2.5
2075,16,3573,4,4
2076,16,845,4,4.5
2077,4,214,5,4.5
2078,16,1449,5,3.5
2079,4,1917,4,4.5
2080,7,112,5,4.5
2081,16,443,4,4
2082,16,189,5,4.5
2083,16,2579,5,4.5
2084,16,469,5,4
2085,4,1224,4,4.5
2087,16,3037,3,3
2088,16,2305,4,3
2089,4,362,3,1.5
2090,7,826,5,4
2091,4,3201,1,1.5
2092,16,2897,5,3.5
2093,9,150,5,3.5
2094,4,2106,5,4.5
2095,16,569,5,3
2096,4,401,4,4
2097,4,2259,5,3.5
2098,16,2116,5,3.5
2099,16,3386,5,3.5
2100,10,2731,5,4.5
2101,9,306,5,4.5
2102,16,1559,5,4.5
2103,7,3298,4,4.5
2104,10,3583,5,4
2105,16,3020,3,3
2106,16,3062,4,4.5
2107,16,1740,5,4.5
2108,9,1503,4,3.5
2109,7,3596,5,3.5
2110,16,120,4,4
2111,16,941,5,4
2112,4,2467,4,3.5
2113,9,474,5,4
2114,4,1589,4,4
2115,16,2297,3,2.5
2116,16,1235,5,5
2117,4,106,5,4
2118,16,3160,4,4
2119,4,3618,4,3
2120,10,419,5,4
2121,4,1131,4,4
2122,4,370,4,3.5
2123,7,1896,4,5
2124,4,201,5,3
2125,10,2462,4,2
2126,16,1198,5,4
2127,7,1907,5,5
2128,16,1131,5,3.5
2129,16,1842,5,4.5
2130,16,2518,5,4.5
2131,10,2658,5,4.5
2132,16,1230,5,4
2133,7,1109,4,3.5
2134,4,1143,5,3.5
2135,16,3329,5,4
2136,9,3048,4,4
2137,16,462,5,5
2138,16,894,4,4.5
2139,7,337,4,4
2140,10,226,5,4.5
2141,4,977,4,4
2142,4,466,5,3
2143,16,1794,5,4
2144,4,200,4,3.5
2145,16,3334,5,4
2146,16,2346,5,4
2147,10,1029,5,4
2148,9,2245,5,4
2150,7,1858,5,3.5
2151,7,1861,5,4
2153,4,388,5,4
2154,9,1911,4,4.5
2155,4,233,4,3
2156,16,858,5,4
2157,16,842,1,3.5
2158,4,2726,5,3.5
2159,7,3027,5,4.5
2160,16,247,4,5
2161,16,1316,5,4
2162,7,2992,3,5
2163,16,210,5,3.5
2164,4,191,5,3.5
2165,16,3576,5,5
2166,6,623,4,5
2168,6,2143,5,3
2169,10,1452,3,4.5
2170,4,2324,5,4.5
2171,6,1522,3,2
2172,4,1743,4,4
2173,16,2273,2,2.5
2174,16,3226,5,5
2175,4,1681,4,3
2176,4,3152,4,3.5
2177,4,3746,5,4
2178,4,910,4,4.5
2179,16,1896,4,5
2180,4,2426,4,4
2181,4,3751,5,3
2182,4,1094,4,3
2183,4,3543,5,3
2184,7,1977,3,4
2185,10,2591,5,3.5
2186,4,3515,4,3
2187,4,2500,4,3.5
2188,16,1885,5,3.5
2189,9,441,4,4
2190,16,2444,4,3
2191,4,3416,5,3.5
2192,16,2078,5,4.5
2193,6,1772,5,4
2194,16,1109,4,3.5
2195,6,2173,5,4.5
2196,16,255,5,4
2197,4,193,5,4.5
2198,4,3621,4,3
2199,16,1058,5,4
2200,9,633,5,2.5
2201,4,830,5,3.5
2202,16,2276,5,4.5
2203,16,2398,5,5
2204,7,48,4,4
2205,16,3205,5,4
2206,7,2503,5,4
2207,7,1015,5,4
2208,4,2073,5,4
2209,7,1923,5,5
2210,4,3409,4,5
2211,7,3474,5,5
2212,16,2131,5,3
2213,16,932,5,4
2214,16,3585,5,3.5
2215,4,3126,5,4
2216,16,2979,4,3.5
2217,16,2895,4,4.5
2218,4,2448,5,3.5
2219,16,1629,3,3.5
2220,16,226,3,3
2221,7,559,5,3.5
2222,16,2717,4,3
2223,9,1721,5,4
2224,4,1069,1,5
2225,16,1907,5,5
2226,16,3161,5,4
2227,7,3444,5,4.5
2228,9,1132,5,4.5
2229,4,148,4,5
2230,16,2910,5,4
2231,16,2242,3,3.5
2232,16,1413,5,4
2233,6,2960,5,3.5
2235,16,2069,5,4.5
2236,9,3280,4,3.5
2237,7,2860,5,4.5
2238,16,918,5,3.5
2239,16,3205,5,4.5
2240,4,3025,5,4.5
2241,16,3808,4,4
2242,4,2792,5,3.5
2243,4,2947,5,4.5
2244,7,444,5,4
2245,16,1043,5,3.5
2246,9,2917,5,4
2247,7,2654,5,3.5
2248,16,1583,3,4
2249,9,1251,4,1.5
2250,16,3277,4,2
2251,10,1280,5,3.5
2252,10,2041,5,5
2253,16,2394,4,5
2254,16,3474,5,5
2255,4,279,5,4
2256,16,2689,5,4
2257,7,1595,5,4
2258,16,1325,5,4.5
2259,4,1696,5,3.5
2260,4,3032,5,4
2261,16,712,5,4
2262,7,636,5,3.5
2263,4,3592,5,3.5
2264,7,1247,4,3
2265,6,1857,5,3
2266,4,3329,5,4
2267,10,1172,4,4
2268,7,2188,5,4
2269,7,2838,5,4
2270,16,254,4,4.5
2271,10,698,5,3.5
2272,7,626,5,3.5
2273,7,2244,4,4.5
2274,7,1993,5,4
2275,16,2418,4,4
2276,6,407,3,2
2277,16,757,5,5
2278,7,1186,4,4
2279,16,3212,5,4.5
2280,16,1574,2,2.5
2281,7,3139,3,4.5
2282,9,1453,5,4
2283,16,2246,5,4
2284,9,2171,5,3.5
2285,7,1592,5,5
2286,7,3101,5,3.5
2287,16,1409,5,4
2288,7,1512,4,3.5
2289,16,1850,5,3.5
2290,4,105,3,3.5
2291,4,2125,5,3.5
2292,9,488,5,4
2293,4,3780,4,4
2294,6,2499,4,3.5
2295,4,3074,1,5
2296,4,1487,4,3.5
2297,6,2253,4,3
2298,6,1868,5,4
2299,4,3703,5,3.5
2300,4,933,4,4.5
2301,16,1313,2,2.5
2302,9,2070,5,3.5
2303,16,3228,5,3.5
2304,10,572,5,4.5
2305,16,823,4,3.5
2306,4,2050,5,4
2307,6,3224,4,3.5
2308,7,974,5,2
2309,4,1711,4,4.5
2310,7,429,5,3.5
2311,16,123,5,5
2312,4,2208,5,4
2313,16,1555,5,4.5
2314,7,1777,5,4.5
2315,16,948,5,3
2316,16,1873,5,3.5
2317,4,517,5,3
2318,7,2389,5,3.5
2319,4,859,5,3.5
2320,4,50,4,3.5
2321,16,1346,3,4.5
2322,16,3230,4,5
2323,16,3813,5,4
2324,6,3075,5,3.5
2325,16,2128,4,4
2326,7,3475,3,2.5
2327,16,3026,5,3.5
2328,16,1867,5,3.5
2329,9,282,4,4.5
2330,16,2389,5,3.5
2331,4,3268,4,3.5
2332,16,1976,5,3
2333,16,1432,5,5
2334,16,1603,5,4.5
2335,16,2595,5,4
2336,16,2027,5,4.5
2337,16,1512,4,3.5
2338,4,267,4,5
2339,16,2813,5,4
2340,16,3135,5,3.5
2341,16,430,5,4.5
2342,4,1547,4,4
2343,4,408,3,4.5
2344,16,607,4,4
2345,16,2031,5,5
2346,16,153,5,5
2347,7,255,5,4
2349,9,3605,4,4
2350,6,1482,1,2.5
2351,16,3587,3,3.5
2352,6,3162,4,4.5
2353,16,1639,5,4
2354,9,2445,5,4
2355,4,1725,4,4
2356,6,3568,5,5
2357,16,455,4,4.5
2358,4,184,5,3.5
2359,16,3229,5,4
2360,16,3154,5,4
2361,7,26,3,5
2362,7,2999,4,3.5
2363,16,1236,5,5
2364,6,2155,4,5
2365,16,1114,5,4
2366,9,3191,5,3.5
2367,7,800,5,4
2368,7,3731,5,5
2369,9,643,5,4.5
2370,16,1525,5,4
2371,9,3752,4,3
2372,16,1179,4,4
2373,16,1475,5,4.5
2374,16,3727,5,4.5
2375,4,1078,5,3
2376,16,559,5,4
2377,16,1311,5,4.5
2378,4,817,5,4
2379,4,1877,5,4
2380,4,3693,4,2.5
2381,16,523,5,4.5
2382,16,1952,5,4
2383,16,1029,5,3.5
2384,9,1937,5,5
2385,16,2871,5,4
2386,7,3808,4,4
2387,4,1957,4,3
2388,4,2525,4,3
2389,16,2536,4,3
2390,16,435,5,3.5
2391,16,1014,3,3.5
2392,16,2442,5,3.5
2393,4,2247,4,4
2394,16,2314,5,3.5
2395,16,974,5,2
2396,6,1418,5,3.5
2397,16,3070,5,4
2398,16,2935,5,4
2399,7,2874,2,2.5
2400,16,1650,4,3.5
2401,9,2875,5,5
2402,9,3490,5,4.5
2403,16,3204,5,5
2404,4,796,4,4
2405,16,3324,4,4.5
2406,16,3100,5,4
2407,16,3215,5,4.5
2408,4,1675,5,4
2409,16,512,5,4
2410,16,339,5,4.5
2411,16,26,3,5
2412,16,2219,3,3.5
2413,9,989,4,3
2414,7,1413,4,5
2415,9,2164,5,4.5
2416,10,320,5,3.5
2417,9,3401,5,3.5
2418,16,1883,5,3.5
2419,6,495,4,3
2420,16,477,4,3.5
2421,7,3659,5,3.5
2422,16,1960,5,4
2423,4,857,5,4.5
2424,4,2139,1,2.5
2425,4,3593,5,5
2426,16,1185,5,4
2427,16,1411,4,3.5
2428,4,3697,5,4
2429,4,2465,5,3
2430,4,1107,4,5
2431,4,949,1,3
2432,10,600,5,4
2433,16,1098,5,3.5
2434,16,2876,5,4
2435,9,2330,2,3
2436,16,987,5,4
2437,4,1187,1,3
2438,4,530,4,5
2439,4,1629,5,3.5
2441,16,1753,5,4
2442,16,1164,5,5
2443,6,1655,5,4
2444,10,2496,4,3.5
2445,6,3234,4,3
2446,7,3140,5,4
2447,16,1713,4,4
2448,16,2868,5,3.5
2449,7,1158,5,4
2450,4,3533,5,3.5
2451,16,2906,3,5
2452,7,834,5,5
2453,7,2061,5,3.5
2454,4,1567,5,3.5
2455,16,3205,5,5
2456,6,1042,5,4.5
2457,10,2993,5,4.5
2458,4,2119,4,3.5
2459,16,413,4,5
2460,4,2293,5,3.5
2461,4,547,4,3.5
2462,16,2365,4,4.5
2463,16,984,4,3.5
2464,16,2446,4,2.5
2465,9,716,5,5
2466,7,1371,3,2.5
2467,4,503,5,4.5
2468,7,3373,5,3.5
2469,4,1686,5,3.5
2470,4,2841,5,4
2471,6,956,5,4
2472,10,422,5,4
2473,4,1012,4,3.5
2474,16,2485,4,3.5
2475,16,2164,5,4
2476,16,1708,5,4
2477,4,3360,5,3.5
2478,16,1159,5,3.5
2479,4,565,4,4.5
2480,16,3293,5,3
2481,16,3314,5,3.5
2482,16,1120,5,5
2483,16,2244,4,4.5
2484,7,2882,1,4
2485,16,855,1,3.5
2486,16,1612,5,4
2487,16,431,5,5
2488,4,1358,5,4
2489,16,218,4,4
2490,16,3539,4,4
2491,16,3067,5,2.5
2492,16,1334,4,3.5
2493,16,3546,4,4
2494,6,9,5,2.5
2495,7,3795,5,4
2496,4,258,5,4
2497,6,977,1,4
2498,7,1878,5,4
2499,16,1383,5,4.5
2500,7,91,5,3.5
2501,10,2186,5,3.5
2502,7,3569,5,3.5
2503,7,3686,2,2.5
2504,16,2399,5,3.5
2505,9,1724,3,3.5
2506,16,3524,5,3.5
2507,4,1288,1,3
2508,6,3203,5,4
2509,9,2487,5,3.5
2510,4,1498,4,4.5
2511,4,3210,3,3.5
2512,7,612,5,4
2513,16,2179,5,4
2514,4,486,5,3.5
2515,7,404,4,4
2516,16,1207,5,3.5
2517,16,849,5,5
2518,4,2156,5,4
2519,16,798,5,4.5
2520,4,1851,3,3
2521,7,1047,4,4.5
2523,16,891,4,4.5
2524,9,2956,5,5
2525,9,732,5,4
2526,16,1926,5,4
2527,7,3809,5,3.5
2528,9,1372,5,4.5
2529,16,2795,5,4
2530,4,431,5,4
2531,4,827,4,3.5
2532,4,543,5,3.5
2533,16,1470,4,3.5
2534,16,748,5,3.5
2535,16,1317,5,3.5
2536,16,2886,5,4
2537,4,345,4,4.5
2538,7,1195,5,5
2539,16,2108,5,5
2540,4,1316,5,3.5
2541,16,369,4,3.5
2542,16,3809,5,3.5
2543,16,2013,5,5
2544,4,571,4,3.5
2545,7,1578,5,3.5
2546,16,2603,4,4.5
2547,4,2647,4,3.5
2548,16,2669,3,3
2549,9,302,5,4
2550,4,1636,5,4
2551,16,1117,4,4
2552,16,2863,1,2.5
2553,6,3053,5,4
2554,7,3685,4,3.5
2555,4,321,5,3.5
2556,16,532,5,4.5
2557,16,1533,5,4
2558,9,1053,3,3.5
2559,7,2990,4,4.5
2560,4,2231,5,4.5
2561,7,2179,5,4
2562,16,292,5,4
2563,16,98,5,4
2564,4,2792,5,4.5
2565,16,1240,4,3.5
2566,16,2694,5,5
2567,16,1012,5,3.5
2568,4,1439,5,5
2569,4,442,5,5
2570,7,1230,5,4
2571,4,1964,4,4
2572,7,765,5,3.5
2573,4,2938,4,5
2574,4,324,5,5
2575,7,906,4,3.5
2576,16,787,5,3.5
2577,16,1035,4,3.5
2578,7,333,5,4
2579,16,1702,5,4
2580,16,1474,4,4
2581,7,1545,5,4
2582,4,972,5,4.5
2583,4,226,4,3.5
2584,16,1955,5,4
2585,4,3803,5,3.5
2586,7,2535,5,4
2587,7,1969,4,3.5
2588,6,262,4,3
2589,4,3616,3,3
2590,16,1681,5,3.5
2591,4,1384,3,2
2592,16,2730,5,3.5
2593,7,810,4,3.5
2594,16,3537,5,3.5
2595,4,173,4,3
2596,7,3100,5,4
2597,4,3300,5,4
2598,7,789,5,3.5
2599,16,826,5,4
2600,16,1563,5,4.5
2601,4,1786,3,4.5
2602,4,107,5,4.5
2603,4,411,5,5
2604,4,2185,5,3
2605,16,2094,4,5
2606,7,3677,5,3.5
2607,16,420,5,5
2608,16,3303,5,4
2609,16,3814,5,3.5
2610,4,926,5,4
2611,9,3189,5,5
2612,16,2563,5,4.5
2613,16,1573,5,3.5
2614,16,1656,5,3
2615,16,3639,4,3.5
2616,4,803,4,5
2617,4,1026,5,3.5
2618,16,3495,5,4.5
2619,16,1780,5,3.5
2620,4,501,4,3.5
2621,7,1363,4,5
2622,4,1521,4,3.5
2623,9,2781,4,4
2624,16,35,5,4
2625,9,781,5,5
2626,16,3096,5,3
2627,16,3685,5,4
2628,16,3558,4,3.5
2629,7,1646,3,4
2630,4,2222,5,4
2631,4,946,2,4.5
2632,16,412,4,4.5
2633,9,1946,5,3.5
2634,16,373,5,4.5
2635,4,1898,4,3.5
2636,7,2735,5,4.5
2637,16,257,5,4
2638,16,559,5,4
2639,4,1121,4,4
2640,7,1926,5,4
2641,4,3652,2,3.5
2642,16,280,4,5
2643,9,3742,5,4.5
2644,4,436,5,3.5
2645,4,3640,5,4
2646,16,2554,5,3.5
2647,6,415,5,4
2648,10,798,4,4.5
2649,16,2650,5,3.5
2650,7,2053,5,4
2651,7,3297,5,4.5
2652,16,2053,5,4
2653,16,315,4,4
2654,7,2416,4,3.5
2655,16,2962,4,3.5
2656,9,2540,5,3.5
2657,16,1371,3,2.5
2658,16,1440,5,3.5
2659,16,1875,4,3.5
2660,6,915,5,4
2661,7,2563,5,4.5
2662,7,1389,4,3.5
2663,9,2961,5,3.5
2664,16,112,5,4.5
2665,16,2932,4,5
2666,7,2534,5,5
2667,16,2072,4,4
2668,16,1954,5,4
2669,16,3582,5,4
2670,16,741,5,4.5
2671,4,399,5,3.5
2672,16,2080,5,4
2673,4,2272,5,4.5
2674,9,2852,5,3.5
2675,4,219,5,3.5
2676,7,3630,5,3.5
2677,7,2270,5,3.5
2679,16,2861,2,2
2680,16,205,5,4
2681,4,2394,3,3.5
2682,7,1925,4,3
2683,6,1116,5,3.5
2684,9,1426,5,3.5
2685,16,2618,5,4
2686,4,2699,5,4.5
2687,9,2675,5,4.5
2688,7,304,4,4
2689,7,3727,5,3.5
2690,16,1633,5,5
2691,9,753,5,4.5
2692,16,1741,5,5
2693,16,3282,5,3.5
2694,7,1518,4,3.5
2695,4,2504,5,3.5
2696,4,2607,4,2.5
2697,7,1170,5,4
2698,16,1133,4,3
2699,7,891,4,4.5
2700,4,2191,4,3.5
2701,9,3526,4,3.5
2702,7,1305,3,4
2703,4,2657,5,3.5
2704,16,3662,4,2
2705,7,2151,4,3
2706,7,2982,5,3.5
2707,7,359,4,4.5
2708,7,1300,4,4.5
2709,7,249,4,3.5
2710,4,3424,1,3
2711,4,2250,5,5
2712,4,1557,4,3.5
2713,16,2388,5,4
2714,16,2188,5,4
2715,16,2298,5,3.5
2716,9,2145,4,3.5
2717,4,1489,5,4.5
2718,16,3056,5,3.5
2719,7,1433,5,3
2720,16,2916,4,4
2721,7,2331,5,4
2722,4,299,5,3.5
2723,4,398,5,4
2724,7,3633,5,4.5
2725,10,2927,4,3
2726,4,2682,3,2
2727,7,1201,5,3
2728,4,2836,5,4
2729,16,2508,4,4.5
2730,16,3812,5,5
2731,4,2533,5,3.5
2732,4,3635,5,5
2733,9,2340,3,3
2734,4,1814,5,4
2735,4,3589,5,4
2736,16,1703,5,4
2737,4,2420,5,3.5
2738,16,1009,4,3
2739,16,1321,5,4.5
2740,7,394,5,4
2741,7,2585,4,3
2742,4,549,5,4
2743,7,1927,5,4
2744,4,2160,5,4.5
2745,9,598,5,4.5
2746,10,3446,5,4.5
2747,9,3430,4,4.5
2748,16,2735,5,4.5
2749,16,2659,4,3
2750,4,1275,5,4
2751,6,313,5,5
2752,4,3205,5,3.5
2753,16,728,5,4
2754,16,2860,5,4.5
2755,4,815,5,3.5
2756,16,49,4,4.5
2757,4,3257,3,3.5
2758,6,3707,5,3.5
2759,4,2092,4,3.5
2760,16,32,4,4
2761,16,2074,5,5
2762,16,3691,5,4
2763,16,146,5,4
2764,16,1972,5,4.5
2765,16,3727,3,3
2766,9,3511,5,4
2768,16,3088,5,4
2769,4,2334,4,3
2770,4,2329,5,2.5
2771,16,1934,5,4.5
2772,9,3549,4,3
2773,7,247,4,5
2774,4,2225,5,4
2775,16,103,5,3
2776,7,1606,5,4
2777,16,281,5,5
2778,16,3488,5,3.5
2779,4,2892,4,3.5
2780,4,973,4,4
2781,16,195,5,3.5
2782,16,1462,4,3.5
2783,16,457,5,4
2784,16,1410,5,5
2785,7,1354,5,4.5
2786,9,1040,3,2.5
2787,10,2817,5,4
2788,4,2154,4,4
2789,16,3548,5,3
2790,16,686,4,3.5
2791,7,2667,4,4
2792,16,2808,5,5
2793,10,3159,5,4
2794,4,1726,4,4
2795,7,894,4,4.5
2796,7,576,5,3
2797,16,1869,5,4
2798,4,3240,4,4
2799,16,976,4,3.5
2800,4,3695,5,4
2801,16,1456,5,4.5
2802,16,2738,4,4
2803,6,545,5,3.5
2804,9,3022,3,3
2805,10,400,4,4
2806,10,1931,5,4
2807,9,1734,5,3.5
2808,7,896,5,3.5
2809,7,559,5,4
2810,4,2354,4,3.5
2811,9,3526,5,4
2812,16,1020,4,4.5
2813,16,1718,5,4.5
2814,7,35,5,4
2815,10,3219,5,5
2816,16,12,5,4
2817,7,2666,4,3
2818,6,2753,4,3.5
2819,9,1298,5,3
2820,16,665,5,4
2821,4,1642,5,3.5
2822,4,1154,5,4
2823,16,1846,4,3.5
2824,9,1763,5,3.5
2825,4,1097,4,4
2826,7,340,4,4
2827,4,2394,5,3.5
2828,9,1990,5,3.5
2829,16,862,5,4.5
2830,16,688,5,4
2831,6,34,5,4.5
2832,16,3508,4,4
2833,10,584,5,4.5
2834,4,2163,5,3.5
2835,9,2581,5,4.5
2836,16,2651,5,4
2837,16,351,5,4
2838,9,1472,4,3
2839,4,3083,5,4
2840,16,1634,5,3.5
2841,16,1558,4,4.5
2842,16,1240,5,3.5
2843,7,3259,5,3.5
2844,16,1282,5,4
2845,7,2276,5,4.5
2846,4,3796,5,3.5
2847,16,3594,5,3.5
2848,4,929,5,5
2849,4,3159,4,2.5
2850,4,1970,4,3.5
2851,4,1991,5,3.5
2852,4,2918,4,4.5
2853,7,3653,5,4
2854,16,1104,3,3
2855,16,3028,5,4
2856,16,3375,5,4.5
2857,7,2437,5,4
2858,7,2298,5,3.5
2859,6,3496,5,3.5
2860,9,1775,5,3.5
2861,16,3107,5,4.5
2862,9,1281,5,5
2863,4,1659,4,4
2864,9,206,5,4
2865,4,113,5,3.5
2866,6,1899,4,3.5
2867,9,3072,5,4
2868,16,3690,5,3.5
2869,4,406,4,4.5
2870,4,1433,3,5
2871,16,2842,4,3.5
2872,16,1,5,4
2873,16,3296,5,4.5
2874,16,3207,5,5
2875,16,1440,5,4.5
2876,4,3542,5,3.5
2877,7,1060,5,4.5
2878,16,1890,5,4
2879,16,1845,4,4
2880,7,1308,5,3.5
2881,6,3617,5,4
2882,16,3444,5,4.5
2883,7,1733,5,3.5
2884,4,632,5,4
2885,6,1246,4,3
2886,7,3277,4,2
2887,9,3120,5,3.5
2888,6,1220,5,4
2889,7,301,4,4.5
2890,7,3533,5,3.5
2891,4,751,4,3.5
2892,16,2,4,3.5
2893,4,3418,5,3
2894,7,1449,5,3.5
2895,4,1460,4,3.5
2896,16,3150,5,4
2897,7,2664,4,3.5
2898,4,1542,4,4
2899,7,3357,4,4
2900,16,377,4,3
2901,16,2384,2,1.5
2902,7,1695,2,3
2903,7,1570,5,4.5
2904,4,3319,5,3.5
2905,9,766,5,3
2906,7,2451,4,3.5
2907,9,2696,5,2.5
2908,4,1171,5,4
2909,9,1312,5,4
2910,7,1741,5,3.5
2911,9,1666,5,4
2912,16,2502,5,3.5
2913,4,242,5,4
2914,7,2608,5,4
2915,9,2655,5,4.5
2916,9,980,5,3.5
2917,7,280,4,5
2918,16,6,5,4.5
2919,7,1272,5,4.5
2920,4,3001,5,3.5
2921,4,619,5,4
2922,7,750,4,4
2923,16,3802,4,4
2924,7,449,4,2.5
2925,16,2427,5,2
2926,16,1595,5,4
2927,4,3678,5,3
2928,16,2030,4,3.5
2929,9,1110,5,3.5
2930,4,888,5,5
2931,16,1045,5,3.5
2932,4,2482,2,2.5
2933,16,3267,4,3.5
2934,4,953,5,3.5
2935,7,497,5,4
2936,4,183,5,3.5
2937,4,3609,5,4
2938,16,1733,5,3.5
2939,7,3742,5,3.5
2940,4,310,5,3.5
2941,16,1975,5,3.5
2942,16,1231,5,4.5
2943,16,3127,5,4
2944,9,1514,5,4
2945,4,2943,4,3.5
2946,4,504,5,4.5
2947,4,1188,5,4
2948,9,2567,4,4.5
2949,4,1127,5,3
2950,4,2299,5,4
2951,7,2949,5,3.5
2952,7,3028,5,4.5
2953,9,2237,2,3
2954,4,3472,5,3.5
2955,7,3563,4,3
2956,9,154,4,3.5
2957,16,800,5,4
2958,6,1328,5,5
2959,10,1189,4,4.5
2960,4,2474,4,3
2961,4,3507,4,3.5
2962,16,786,5,4
2963,7,984,4,3.5
2964,4,2700,5,4
2965,10,1882,4,2.5
2966,6,1931,4,4
2967,7,506,4,3.5
2968,4,1240,5,4
2969,7,804,5,4.5
2970,16,2093,4,5
2971,4,3013,4,3.5
2972,9,3421,5,4
2973,16,1497,5,4.5
2974,10,2628,5,4
2975,10,3597,5,4.5
2976,16,1274,5,4
2977,4,2555,5,4.5
2978,7,982,4,4
2979,16,531,5,4.5
2980,9,307,5,2.5
2981,16,1402,3,4
2982,16,2390,5,4
2983,16,846,5,3.5
2984,16,3533,5,3.5
2985,16,3465,4,2.5
2986,11,215,5,3.5
2987,11,415,5,4
2988,11,2761,5,3.5
2989,11,3778,2,2.5
2990,11,2347,5,4
2991,11,2374,5,3
2992,11,2621,5,3.5
2993,11,1672,3,3
2994,11,3777,4,3
2995,11,2198,5,5
2996,11,2758,4,3
2997,11,1673,5,4
2998,11,1976,4,4.5
2999,11,152,5,4
3000,11,3057,5,3
3001,11,964,5,4.5
3002,11,3694,4,2.5
3003,11,513,5,5
3004,11,2283,4,5
3005,11,1335,5,3.5
3006,11,3376,5,4
3007,11,3035,5,3.5
3008,11,2002,5,4.5
3009,11,2469,5,4.5
3010,11,2230,5,4
3011,11,280,5,3.5
3012,11,3134,4,3.5
3013,11,3143,5,4
3014,11,3409,4,3
3015,11,802,4,4
3016,11,1400,5,5
3017,11,2437,5,3.5
3018,11,141,5,5
3019,11,762,1,2.5
3020,11,2374,5,4.5
3021,11,3374,4,3
3022,11,1815,5,3.5
3023,11,637,4,4
3024,11,2668,5,5
3025,11,481,5,4.5
3026,11,1589,3,4
3027,11,2809,5,5
3028,11,2215,5,3.5
3029,11,2039,4,4
3030,11,3245,2,2.5
3031,11,2459,5,4
3032,11,1277,5,5
3033,11,1629,4,3.5
3034,11,1751,4,3.5
3035,11,1556,5,4.5
3036,11,1090,5,4
3037,11,175,4,3
3038,11,65,5,4
3039,11,2792,5,4.5
3040,11,3357,5,2.5
3041,11,2601,3,3.5
3042,11,1726,5,4
3043,11,1864,5,5
3044,11,2801,5,3.5
3045,11,3309,5,4
3046,11,2806,5,5
3047,11,3276,5,4.5
3048,11,1253,5,3.5
3049,11,1165,5,4
3050,11,1541,4,4
3051,11,3623,5,5
3052,11,936,5,4
3053,11,1309,5,3.5
3054,11,847,5,3.5
3055,11,3016,4,4
3056,11,1900,5,4.5
3057,11,280,5,3
3058,11,1416,5,4.5
3059,11,3523,5,3.5
3060,11,1894,5,3.5
3061,11,3766,4,4.5
3062,11,2610,4,3.5
3063,11,2899,4,4
3064,11,2524,1,1.5
3065,11,831,5,5
3066,11,2412,5,5
3067,11,555,5,3
3068,11,2728,5,4
3069,11,2799,5,4
3070,11,2933,5,4
3071,11,1151,5,4
3072,11,779,5,3
3073,11,1063,5,4
3074,11,1144,5,4
3075,11,1486,5,4
3076,11,1513,5,4
3077,11,3541,5,4
3078,11,2407,5,4.5
3079,11,1827,3,4
3080,11,2034,3,3.5
3081,11,560,4,4
3082,11,3440,4,4.5
3083,11,1119,2,4.5
3084,11,1233,5,4.5
3085,11,84,2,3
3086,11,1765,5,4.5
3087,11,2332,5,3
3088,11,2235,4,3.5
3089,11,165,5,4
3090,11,718,4,4.5
3091,11,3008,5,4
3092,11,2587,5,5
3093,11,1944,5,5
3094,11,2913,3,4.5
3095,11,2192,4,4.5
3096,11,2974,5,4
3097,11,3479,3,4
3098,11,2678,5,4.5
3099,11,3335,5,3.5
3100,11,1319,5,3.5
3101,11,1886,5,4
3102,11,1661,5,4.5
3103,11,3457,5,3.5
3104,11,207,5,4
3105,11,2685,5,5
3106,11,2057,5,3.5
3107,11,694,5,5
3108,11,3070,5,3.5
3109,11,226,5,4.5
3110,11,54,4,5
3111,11,1800,5,5
3112,11,807,5,4.5
3113,11,3631,5,4.5
3114,11,380,3,3.5
3115,11,2693,3,3
3116,11,2802,5,4.5
3117,11,2531,5,3
3118,11,2548,4,3.5
3119,11,1916,3,3.5
3120,11,2670,5,4
3121,11,3646,5,4.5
3122,11,1082,5,4
3123,11,2891,5,5
3124,11,1976,5,4.5
3125,11,2679,5,4
3126,11,2400,5,5
3127,11,3483,5,3.5
3128,11,270,5,3
3129,11,2559,4,4
3130,11,3468,5,3.5
3131,11,3287,5,4
3132,11,2721,4,2.5
3133,11,3281,5,3.5
3134,11,2306,4,4
3135,11,1427,5,4.5
3136,11,293,5,4.5
3137,11,3045,5,4
3138,11,1343,5,5
3139,11,2611,5,4
3140,11,2887,5,4
3141,11,1608,4,5
3142,11,546,5,5
3143,11,3290,5,4
3144,11,255,2,2.5
3145,11,1050,4,5
3146,11,2197,4,5
3147,11,78,4,3.5
3148,11,2506,3,4
3149,11,2374,4,5
3150,11,3704,5,4.5
3151,11,1651,4,3.5
3152,11,2959,5,3.5
3153,11,128,5,4
3154,11,522,2,2.5
3155,11,2794,2,2.5
3156,11,3275,5,5
3157,11,3590,4,5
3158,11,1391,5,3.5
3159,11,3402,4,4.5
3160,11,1791,5,5
3161,11,816,5,5
3162,11,226,4,4
3163,11,95,5,3.5
3164,11,1072,1,4.5
3165,11,3327,4,4
3166,11,1550,5,4
3167,11,2281,5,4
3168,11,3320,5,3.5
3169,11,688,5,3.5
3170,11,1134,3,3
3171,11,2363,5,4
3172,11,2348,5,5
3173,11,836,4,4.5
3174,11,705,4,5
3175,11,3217,5,4
3176,11,1450,5,4
3177,11,3463,4,5
3178,11,3329,5,3.5
3179,11,3231,5,4.5
3180,11,3748,5,4
3181,11,709,4,4
3182,11,653,5,4.5
3183,11,1353,4,3.5
3184,11,695,4,3
3185,11,1283,5,4
3186,11,187,5,3.5
3187,11,2509,4,3.5
3188,11,1647,5,4.5
3189,11,2528,5,4
3190,11,1624,4,3.5
3191,11,3355,5,5
3192,11,1461,5,5
3193,11,1038,4,5
3194,11,1135,4,3.5
3195,11,28,5,4.5
3196,11,2953,5,3.5
3197,11,2572,5,5
3198,11,620,5,3.5
3199,11,1756,5,4.5
3200,11,3696,5,4
3201,11,2577,3,3.5
3202,11,2159,4,4
3203,11,3172,5,3
3204,11,610,5,4.5
3205,11,2045,4,3.5
3206,11,628,5,4.5
3207,11,947,5,4
3208,11,1968,5,5
3209,11,3060,5,5
3210,11,1524,4,3.5
3211,8,3252,5,5
3212,8,646,5,5
3213,8,3445,5,3
3214,8,788,4,3.5
3215,8,1367,5,3.5
3217,8,780,5,3.5
3218,17,1982,5,5
3219,8,1149,4,3.5
3220,8,2424,5,4
3221,8,3073,5,3
3223,8,1989,5,3
3225,8,101,4,3.5
3226,17,2893,5,4
3227,8,2719,4,5
3228,8,2832,5,4
3229,17,383,4,4
3230,8,1125,4,3.5
3231,17,2714,5,4
3232,8,1883,4,4
3233,17,2375,5,4
3234,8,360,5,3.5
3236,8,2563,4,3.5
3238,8,3377,5,3
3239,8,2939,5,4
3240,8,3218,5,4.5
3242,17,79,5,5
3243,8,2243,5,4.5
3244,17,2193,5,3.5
3245,8,2813,4,3
3247,8,1405,5,3.5
3248,8,1759,5,5
3249,8,1078,5,4.5
3250,8,3679,5,4
3251,8,2367,4,3.5
3252,8,3714,5,3.5
3253,8,2351,5,4
3254,8,661,4,3
3255,8,483,5,4
3256,17,167,1,2.5
3257,8,357,4,4
3258,8,1332,5,4.5
3259,8,2968,4,2
3260,8,1788,5,4.5
3261,8,792,4,4.5
3262,8,2333,5,4
3263,17,2607,5,5
3264,8,696,5,4
3265,8,3189,3,3
3266,8,1986,5,3
3267,17,686,4,4.5
3268,8,1011,5,3.5
3270,8,853,5,4
3271,8,2759,4,3.5
3272,8,2285,5,3
3273,8,1152,5,3.5
3274,8,2519,5,3.5
3275,8,3740,5,4
3276,8,646,5,5
3277,8,296,1,1.5
3278,8,2435,5,4.5
3279,8,1848,5,4
3280,8,925,5,3.5
3282,8,155,5,3
3283,8,3747,5,4.5
3285,8,474,5,4
3286,8,2262,5,2.5
3287,17,621,5,5
3288,8,2565,5,3
3289,8,3393,5,5
3290,8,2813,3,2.5
3291,17,2330,5,4.5
3292,17,2284,4,3.5
3293,8,3692,5,3.5
3294,8,3685,5,3.5
3295,8,1347,5,5
3296,8,1290,5,4.5
3297,8,316,4,3.5
3298,8,2607,5,4
3299,8,2300,5,4
3300,8,2947,5,4.5
3301,8,2661,5,3.5
3302,8,1953,5,4
3303,17,59,5,5
3304,17,674,5,4
3305,8,2998,5,3
3306,17,2466,5,3.5
3307,17,3727,4,4.5
3308,17,2779,5,3
3309,8,2350,5,3.5
3310,8,346,4,5
3311,8,3764,5,3.5
3312,8,3803,3,2
3313,17,3574,5,5
3314,17,1111,5,3.5
3315,8,1007,5,3
3316,8,2152,4,3.5
3317,8,2883,4,5
3318,17,1212,5,4.5
3319,8,880,5,5
3320,17,3814,5,5
3321,8,3814,5,4
3322,8,96,5,4
3323,8,2783,5,4
3324,8,1822,5,4.5
3325,8,1909,5,5
3326,8,470,4,3
3327,8,2971,4,3
3328,8,1950,4,3
3329,17,3447,5,4.5
3330,8,1519,5,3.5
3331,17,967,5,4
3332,8,2056,4,4.5
3333,8,761,5,3.5
3334,8,625,5,4
3335,8,2345,5,5
3336,8,1755,5,5
3337,8,2254,5,4.5
3338,8,2067,5,2.5
3339,8,1215,5,4.5
3340,8,540,5,4.5
3341,21,2456,5,5
3342,21,2216,5,4
3343,21,1352,4,4.5
3344,21,1337,4,5
3345,21,1782,5,4.5
3346,21,3507,5,5
3347,21,283,4,3
3348,21,2181,3,2
3349,21,284,5,5
3350,21,1940,3,3.5
3351,21,3441,5,4
3352,21,2817,4,3.5
3353,21,2514,5,4
3354,21,647,5,4
3355,21,3211,5,5
3356,21,2566,5,4
3357,21,1862,4,4.5
3358,21,2649,5,5
3359,21,1192,5,4
3360,21,45,5,4.5
3361,21,677,5,4.5
3362,21,1077,5,4.5
3363,21,3082,5,5
3364,21,2432,4,3
3365,21,2870,5,4
3366,21,280,5,4.5
3367,21,681,5,3.5
3368,21,1467,5,5
3369,21,1259,4,3.5
3370,21,2356,5,3
3371,21,3349,4,4
3372,21,202,5,4
3373,21,2079,4,4
3374,21,2969,4,4
3375,21,2983,5,4
3376,21,426,5,5
3377,21,2656,5,5
3378,21,874,5,5
3379,21,865,5,4.5
3380,21,216,5,5
3381,21,1880,5,4
3382,21,186,5,3
3383,21,2879,5,5
3384,21,2867,4,3.5
3385,21,3205,5,3.5
3386,21,3620,5,4.5
3387,21,21,5,4
3388,21,260,4,5
3389,21,2995,5,4.5
3390,21,287,5,3
3391,21,1579,5,5
3392,21,1045,5,5
3393,21,1400,5,3.5
3394,21,1294,5,3.5
3395,21,2786,5,4.5
3396,21,2032,5,4.5
3397,21,317,5,3
3398,21,239,5,3
3399,21,2019,5,3
3400,21,2620,5,5
3401,21,443,4,5
3402,21,776,5,4
3403,21,630,4,3.5
3404,21,2954,3,4
3405,21,1417,4,4
3406,21,2153,5,3.5
3407,21,1945,5,5
3408,21,1083,5,5
3409,21,378,3,3.5
3410,21,2847,5,4
3411,21,1757,5,4.5
3412,21,226,4,3.5
3413,21,1056,5,4
3414,21,2149,4,5
3415,21,2158,5,3.5
3416,21,2477,5,5
3417,21,2893,5,3.5
3418,21,2473,5,3.5
3419,21,1716,1,4.5
3420,21,2236,5,3.5
3421,21,1681,5,5
3422,21,3628,5,5
3423,5,3310,4,3
3424,5,2760,5,3
3425,5,474,5,3.5
3426,5,3683,4,3.5
3427,5,1451,5,4
3428,5,2496,5,4
3429,5,3761,1,4
3430,5,1116,5,4
3431,5,1771,4,4.5
3432,5,2980,5,3
3433,5,2784,5,4
3434,5,389,4,4.5
3435,5,3641,5,3
3436,5,1589,5,3.5
3437,5,3494,5,4.5
3438,5,2854,5,4
3439,5,3014,4,4.5
3440,5,2394,5,4
3441,5,1744,5,4
3442,5,2858,5,4
3443,5,1477,4,4
3444,5,1663,5,3.5
3445,5,559,5,5
3446,5,1992,1,2.5
3447,5,2502,5,4
3448,5,2965,4,2.5
3449,5,3779,5,4
3450,5,3528,5,3
3451,5,2240,5,4
3452,5,241,4,4
3453,5,1984,5,3.5
3454,5,3807,4,3.5
3455,5,907,5,4
3456,5,1057,5,4
3457,5,366,5,4
3458,5,2820,5,4
3459,5,1051,5,3.5
3460,5,1240,4,4.5
3461,5,69,5,4.5
3462,5,2470,1,3.5
3463,5,2556,4,3
3464,5,3798,5,3
3465,5,261,5,3
3466,5,1674,5,5
3467,5,1981,4,3.5
3468,5,2549,4,3.5
3469,5,2622,4,3.5
3470,5,561,5,4
3471,5,1681,4,4
3472,5,1505,4,4
3473,5,1720,5,3.5
3474,5,775,5,4.5
3475,5,3178,4,3.5
3476,5,2226,4,3.5
3477,5,2553,5,4
3478,5,2378,5,2.5
3479,5,3444,5,4
3480,5,2189,5,4.5
3481,5,2279,4,4.5
3482,5,450,4,4
3483,5,3656,5,3.5
3484,5,944,5,4
3485,5,226,4,5
3486,5,970,5,4
3487,5,860,4,4
3488,5,2843,4,3
3489,5,854,5,3.5
3490,5,2081,5,4.5
3491,5,224,5,3.5
3492,5,3108,5,3.5
3493,5,3716,5,4
3494,5,1657,5,5
3495,5,1433,3,4.5
3496,5,3808,4,4.5
3497,5,3081,4,5
3498,5,1798,5,4.5
3499,5,1677,5,5
3500,5,463,5,2.5
3501,5,3004,5,4
3502,5,1806,5,4.5
3503,5,1199,5,4.5
3504,5,364,5,4
3505,5,2630,5,4
3506,5,395,5,3.5
3507,5,168,4,3.5
3508,5,3288,5,4
3509,5,2678,5,4.5
3510,5,3658,5,4.5
3511,5,463,5,4
3512,5,248,5,3.5
3513,5,2277,5,4
3514,5,2515,5,4
3515,5,832,4,3
3516,5,2132,5,4
3517,5,1268,5,4
3518,5,3176,5,3.5
3519,5,1236,5,4
3520,5,1005,3,3.5
3521,5,2782,4,4
3522,5,266,5,4
3523,5,3396,5,4
3524,5,1635,5,4.5
3525,5,2240,5,4
3526,5,1061,5,4
3527,5,2338,5,4
3528,5,1816,5,4
3529,5,1538,5,3.5
3530,5,1852,5,4.5
3531,5,783,5,2.5
3532,5,2751,4,4
3533,5,67,5,3.5
3534,5,2397,5,4.5
3535,5,999,5,4
3536,5,884,5,3.5
3537,5,2680,3,2.5
3538,5,1029,5,4
3539,5,566,5,3.5
3540,5,2912,3,3
3541,5,2697,5,4.5
3542,5,790,5,4.5
3543,5,2382,5,4.5
3544,5,2458,5,4.5
3545,5,759,4,3
3546,5,1062,5,5
3547,5,885,3,4.5
3548,5,1591,4,3.5
3549,5,229,4,3
3550,5,2091,3,3.5
3551,5,3263,4,4
3552,5,1166,5,4
3553,5,2563,4,3.5
3554,5,2702,4,4
3555,5,2884,5,3.5
3556,5,1490,5,4.5
3557,5,1008,4,3.5
3558,5,541,5,4.5
3559,5,2392,5,4.5
3560,5,699,4,4
3561,5,223,5,4.5
3562,5,763,5,4
3563,5,2561,5,4
3564,5,3058,3,4.5
3565,5,326,5,3.5
3566,5,3066,4,5
3567,5,822,5,3.5
3568,5,1155,4,3
3569,5,983,5,4
3570,5,1261,4,3.5
3571,5,2582,5,3.5
3572,5,3047,5,3.5
3573,5,2943,4,3
3574,5,2238,4,4
3575,5,818,4,4
3576,5,3710,5,4.5
3577,5,2150,5,3.5
3578,5,1316,5,4
3579,5,169,5,4.5
3580,5,3788,5,5
3581,5,1197,5,4
3582,5,3448,4,4.5
3583,5,601,4,4
3584,5,1881,5,4.5
3585,5,1096,5,3
3586,5,2803,4,3.5
3587,5,2082,5,4.5
3588,5,2869,5,4
3589,5,70,4,4
3590,5,2731,5,4.5
3591,5,3744,4,4
3592,5,3056,5,3.5
3593,5,3030,4,3
3594,5,1676,5,4
3595,5,1141,5,4
3596,5,3632,5,4
3597,5,2850,4,4
3598,5,2387,5,4
3599,5,927,4,3.5
3600,5,381,4,3.5
3601,5,228,5,4.5
3602,5,3235,4,4
3603,5,1196,4,3
3604,5,2526,5,4
3605,5,2724,5,4
3606,5,3735,5,4
3607,5,3185,4,4
3608,5,3803,4,4
3609,5,209,5,4
3610,5,599,4,4
3611,5,3507,5,4.5
3612,5,1669,5,3
3613,5,3446,5,4.5
3614,5,1628,5,4
3615,5,1727,4,3.5
3616,5,2623,5,4
3617,5,159,5,3
3618,5,2104,5,3.5
3619,5,2490,5,3.5
3620,5,1355,5,3
3621,5,3667,5,3.5
3622,5,729,5,3.5
3623,5,1987,5,4
3624,5,147,5,4.5
3625,5,2931,5,5
3626,5,1023,5,4
3627,5,2360,5,5
3628,5,1269,5,3.5
3629,5,1796,5,4
3630,5,93,5,5
3631,5,1668,4,4
3632,5,2921,3,4
3633,5,3413,4,3.5
3634,5,2619,4,4
3635,5,3599,5,5
3636,5,2501,4,2.5
3637,5,1812,5,3.5
3638,5,1176,4,3.5
3639,5,1930,4,4
3640,5,2607,5,3.5
3641,5,1076,5,3.5
3642,5,1204,4,3.5
3643,5,151,4,4
3644,5,669,5,5
3645,5,2376,5,4
3646,5,1700,4,3.5
3647,5,3038,5,4.5
3648,5,3781,5,3.5
3649,5,2337,4,5
3650,5,2194,5,2.5
3651,5,3773,5,3.5
3652,5,1448,5,5
3653,5,1823,4,3.5
3654,5,2441,4,3
3655,5,1707,4,3.5
3656,5,2755,4,3.5
3657,5,1307,5,3.5
3658,5,2395,5,4
3659,5,2352,5,3.5
3660,5,2311,5,4
3661,5,2017,5,3.5
3662,5,222,4,3.5
3663,5,3093,4,3.5
3664,5,510,5,4
3665,5,1805,5,3.5
3666,5,3056,4,3.5
3667,5,476,5,5
3668,5,3125,2,3.5
3669,5,259,5,5
3670,5,2754,4,4.5
3671,5,409,5,4
3672,5,1543,5,2.5
3673,5,600,5,4
3674,5,115,1,3
3675,5,3344,5,3
3676,5,622,5,4.5
3677,5,3265,5,4.5
3678,5,2141,5,4.5
3679,5,2239,4,3.5
3680,5,2756,4,5
3681,5,415,5,3.5
3682,5,3056,4,4.5
3683,5,892,4,4
3684,5,3530,5,3.5
3685,5,2014,5,4.5
3686,5,863,5,3.5
3687,5,3644,5,4.5
3688,5,2762,5,3.5
3689,5,1919,5,3.5
3690,5,62,5,4
3691,5,3063,5,4.5
3692,5,649,5,3
3693,5,2720,5,3.5
3694,5,564,4,3.5
3695,5,295,4,5
3696,5,2562,5,4
3697,5,2609,5,3
3698,5,1115,3,3
3699,5,959,4,4.5
3700,5,3284,5,2.5
3701,5,3487,5,4
3702,5,2101,5,4
3703,5,1216,5,4
3704,5,2033,5,3.5
3705,5,3008,5,3.5
3706,5,185,5,5
3707,5,226,5,5
3708,5,734,5,5
3709,5,3394,5,3.5
3710,5,2914,5,3.5
3711,5,1432,5,3.5
3712,5,1479,4,4.5
3713,5,1112,5,3.5
3714,5,3114,4,4.5
3715,5,2325,4,3.5
3716,5,1238,5,4.5
3717,5,2411,4,3
3718,5,803,4,3.5
3719,5,3095,5,3.5
3720,5,3389,4,3
3721,5,2707,4,4.5
3722,5,1783,5,4
3723,5,440,5,5
3724,5,2275,5,4
3725,5,505,5,4.5
3726,5,934,5,3
3727,5,596,5,4
3728,5,2214,5,3.5
3729,5,3033,5,5
3730,5,3407,5,3.5
3731,5,3562,5,4
3732,5,110,4,3
3733,5,2330,3,5
3734,5,2146,5,4.5
3735,5,43,5,4.5
3736,5,318,5,3.5
3737,5,301,5,4.5
3738,5,481,5,4
3739,5,1683,4,4.5
3740,5,2155,5,4.5
3741,5,1548,5,4.5
3742,5,2304,5,4
3743,5,1584,5,5
3744,5,1670,5,3
3745,5,721,5,5
3746,5,2907,5,4
3747,5,962,5,4.5
3748,5,2195,5,5
3749,5,3129,5,4
3750,5,64,5,3
3751,5,1610,2,2
3752,5,343,5,3.5
3753,5,691,5,4.5
3754,5,55,5,4.5
3755,5,3174,5,4.5
3756,5,1493,5,5
3757,5,3040,5,3.5
3758,5,1589,5,4.5
3759,5,3470,5,4
3760,5,414,5,3.5
3761,5,1589,5,4
3762,5,1007,5,3
3763,5,3721,5,4
3764,5,1973,5,4
3765,5,3672,5,4.5
3766,5,1364,5,4
3767,5,626,4,3
3768,5,3577,4,3.5
3769,5,484,5,4
3770,5,3462,4,2.5
3771,5,2777,5,3.5
3772,5,235,5,3.5
3773,5,1041,5,3.5
3774,5,445,5,4
3775,5,384,4,3.5
3776,5,2496,4,5
3777,5,88,5,4
3778,5,1089,5,3.5
3779,5,3352,4,3.5
3780,5,1459,5,4.5
3781,5,2460,5,3.5
3782,5,2705,5,3.5
3783,5,3168,4,3.5
3784,5,2563,5,4
3785,5,391,4,4
3786,5,226,3,2
3787,5,1147,5,4
3788,5,3091,4,3.5
3789,5,2578,5,4.5
3790,5,2394,5,5
3791,5,882,5,4
3792,5,2993,5,4.5
3793,5,2042,4,4.5
3794,5,1731,5,3
3795,5,3383,5,5
3796,5,2491,4,5
3797,5,1380,5,4
3798,5,368,4,3.5
3799,5,3553,5,3.5
3800,5,80,1,2
3801,5,3163,5,4
3802,5,27,5,3.5
3803,5,2607,5,4
3804,5,1390,5,3
3805,5,211,5,4.5
3806,5,3432,3,3.5
3807,5,861,5,4.5
3808,5,18,2,4.5
3809,5,1287,5,4
3810,5,3500,4,4
3811,5,570,5,4
3812,5,1331,4,3.5
3813,5,2391,5,3
3814,5,869,2,1.5
3815,5,51,5,3
3816,5,1479,5,4.5
3817,5,2088,5,4
3818,5,608,5,3.5
3819,5,2415,2,3.5
3820,5,2811,5,3
3821,5,2516,5,3.5
3822,5,1526,5,4
3823,5,1577,5,4
3824,5,2633,3,4
3825,5,33,4,4.5
3826,5,1597,5,3.5
3827,5,271,4,4.5
3828,5,2732,4,5
3829,5,2772,5,3
3830,5,995,5,3.5
3831,5,3459,5,5
3832,5,163,5,4
3833,5,3348,5,5
3834,5,3238,5,3.5
3835,5,473,4,4
3836,5,3642,4,4
3837,5,979,5,4
3838,5,3387,4,3.5
3839,5,1891,5,5
3840,5,3321,5,3
3841,5,1501,5,5
3842,5,760,4,5
3843,5,3336,5,3.5
3844,5,3492,5,3.5
3845,5,1933,4,3
3846,5,485,5,4
3847,5,56,4,3.5
3848,5,3713,5,3
3849,5,2763,4,3.5
3850,5,1748,4,3.5
3851,5,2353,5,5
3852,5,422,5,4
3853,5,2018,5,4
3854,5,2594,5,3
3855,5,1722,5,5
3856,5,991,5,3.5
3857,5,122,5,4
3858,5,447,4,1.5
3859,5,38,5,3.5
3860,5,829,5,4.5
3861,5,812,4,3.5
3862,5,3356,5,3.5
3863,5,939,4,3.5
3864,5,322,5,3.5
3865,5,3469,4,4.5
3866,5,658,5,2.5
3867,5,3567,5,3.5
3868,5,2607,4,3.5
3869,5,1807,5,4
3870,5,240,5,4
3871,5,3146,4,2.5
3873,5,1631,5,4.5
3874,5,2948,5,5
3875,5,2911,4,3
3876,5,1602,5,4.5
3877,5,116,4,4.5
3878,5,578,5,3.5
3879,5,3089,5,5
3880,5,1809,4,3
3881,5,479,4,4.5
3882,5,3205,4,3.5
3883,5,1099,4,4
3884,5,2925,5,4
3885,5,1264,5,5
3886,5,2502,5,4
3887,5,697,5,5
3888,5,2686,5,5
3889,5,1574,4,3
3890,5,3236,5,4.5
3891,5,3674,5,3.5
3892,5,1213,5,4.5
3893,5,1859,5,3.5
3894,5,3518,4,4.5
3895,5,1190,5,3
3896,5,2393,4,4.5
3897,5,3181,4,3.5
3898,5,2361,5,5
3899,5,744,5,4.5
3900,5,1457,5,3.5
3901,5,778,4,4
3902,5,1066,5,2.5
3903,5,3205,5,3
3904,5,640,5,3.5
3905,5,94,5,3.5
3906,5,355,5,5
3907,5,3347,5,3.5
3908,5,3279,5,4
3909,5,1958,4,3.5
3910,5,1232,5,3
3911,5,419,5,4
3912,5,2401,5,5
3913,5,3794,4,5
3914,5,2573,4,3.5
3915,5,1961,5,4.5
3916,5,2631,3,3.5
3917,5,2381,4,4
3918,5,2557,5,5
3919,5,145,5,4
3920,5,692,5,3.5
3921,5,1832,4,4
3922,5,3661,4,2
3923,5,1128,4,4
3924,5,2591,5,3.5
3925,5,2126,5,4
3926,5,444,5,4
3927,5,2729,5,4
3928,5,87,5,3.5
3929,5,1080,5,5
3930,5,2804,5,3.5
3931,5,493,4,3.5
3932,5,667,5,4
3933,5,609,4,5
3934,5,1844,5,4
3935,5,61,5,5
3936,5,83,5,3.5
3937,5,3034,4,3.5
3938,5,1813,4,4.5
3939,5,2322,4,5
3940,5,1974,5,4
3941,5,451,5,4.5
3942,5,1029,5,4
3943,5,3023,5,3.5
3944,5,752,5,5
3945,5,3052,5,4
3946,5,2385,4,4
3947,5,2020,4,4.5
3948,5,1074,5,3.5
3949,5,2264,1,3
3950,5,16,5,4
3951,5,2478,5,3
3952,5,1935,5,4
3953,5,86,5,5
3954,5,2864,4,4
3955,5,1167,5,3.5
3956,5,526,5,4.5
3957,5,3378,5,5
3958,5,2312,5,4.5
3959,5,2644,3,3.5
3960,5,2752,5,2.5
3961,5,2538,4,4.5
3962,5,2252,5,3
3963,5,3397,4,2.5
3964,5,1415,5,5
3965,5,1085,5,4
3966,5,3341,5,3.5
3967,5,3426,4,4
3968,5,3790,5,4.5
3969,5,1471,5,4
3970,5,577,5,4
3971,5,482,5,3.5
3972,5,274,4,3.5
3973,5,2234,4,4
3974,5,2845,5,4.5
3975,5,2560,5,3
3976,5,2147,5,4
3977,5,1660,5,4
3978,5,2010,5,3.5
3979,5,3739,4,3.5
3980,5,2011,5,4.5
3981,5,2810,5,3.5
3982,5,3084,4,4.5
3983,5,2007,5,4.5
3984,5,613,4,3.5
3985,5,3115,4,3
3986,5,1322,5,4
3987,5,3367,5,4
3988,5,3270,5,3.5
3989,5,502,5,5
3990,5,748,5,3.5
3991,5,3805,5,4.5
3992,5,930,4,4
3993,5,617,5,4
3994,5,1605,5,3
3995,5,2261,5,4
3996,5,3648,5,3.5
3997,5,1131,4,5
3998,5,2888,3,3
3999,5,978,4,4
4000,5,1423,5,4.5
4001,5,3055,5,3.5
4002,5,3142,4,3
4003,5,1529,2,2.5
4004,5,474,4,4.5
4005,5,680,5,4
4006,5,3090,5,3.5
4007,5,1129,4,3
4008,5,638,5,3.5
4009,5,2433,5,4
4010,5,965,4,3.5
4011,5,251,5,4
4012,5,2075,5,3.5
4013,5,3509,5,3.5
4014,5,1222,5,4
4015,5,2436,5,4
4016,5,2846,5,3.5
4017,5,1252,4,3.5
4018,5,3654,5,3.5
4019,5,376,5,3.5
4020,5,130,5,3.5
4021,5,1291,5,3.5
4022,5,3243,4,4
4023,5,3130,4,5
4024,5,268,5,4
4025,5,53,5,4.5
4026,5,3205,4,4.5
4027,5,1562,5,4
4028,5,22,5,3.5
4029,5,1746,5,3.5
4030,5,2623,4,3.5
4031,5,3742,4,3.5
4032,5,2434,4,4.5
4033,5,3024,4,3.5
4034,5,1599,5,4
4035,5,1420,5,3
4036,5,2812,4,4
4037,5,1326,5,4
4038,5,203,5,5
4039,5,1730,4,4
4040,5,392,5,4
4041,5,2155,5,5
4042,5,2326,5,5
4043,5,1079,4,3.5
4044,5,634,5,5
4045,5,575,4,3.5
4046,5,3708,5,5
4047,5,1248,5,4.5
4048,5,1118,3,4
4049,5,402,4,4
4050,5,3555,4,3.5
4051,5,3368,4,4
4052,5,2251,5,3.5
4053,5,1849,5,4
4054,5,2440,4,5
4055,5,508,5,4
4056,5,3717,4,3.5
4057,5,867,5,4
4058,5,341,5,4
4059,5,3668,5,3.5
4060,5,387,5,4.5
4061,5,2629,5,4
4062,5,1726,4,4
4063,5,2274,5,4
4064,5,1622,5,4
4065,5,3366,4,5
4066,5,1627,5,4
4067,5,2827,5,4.5
4068,5,3221,5,3.5
4069,5,943,5,3.5
4070,5,2439,4,4
4071,5,1424,5,5
4072,5,1893,5,3.5
4073,5,131,5,3.5
4074,5,2496,5,2.5
4075,5,1618,3,2
4076,5,1433,5,3.5
4077,5,2103,5,4.5
4078,5,1365,5,4.5
4079,5,3273,5,3.5
4080,5,1191,4,4
4081,5,2606,5,4
4082,5,1002,5,5
4083,5,3545,5,3.5
4084,5,3554,5,4
4085,5,2698,5,4
4086,5,58,4,1.5
4087,5,3326,4,4
4088,5,1392,4,3
4089,5,182,4,3.5
4090,5,2038,5,3.5
4091,5,3437,3,2.5
4092,5,3517,5,4
4093,5,844,5,4.5
4094,5,432,5,3
4095,5,225,5,4
4096,5,3144,4,4
4097,5,1433,5,3.5
4098,5,2117,5,5
4099,5,3526,5,3.5
4100,5,4,5,4.5
4101,5,444,5,4
4102,5,3041,5,3.5
4103,5,442,5,3.5
4104,5,1951,5,5
4105,5,1515,5,5
4106,5,7,5,5
4107,5,1249,5,4
4108,5,3803,4,3
4109,5,2813,5,5
4110,5,3645,4,3.5
4111,5,474,4,4
4112,5,427,3,3.5
4113,5,1516,4,3.5
4114,5,2815,5,4
4115,5,923,5,4
4116,5,1122,5,4
4117,5,1465,4,4
4118,5,574,5,4.5
4119,5,2778,4,4
4120,5,3180,4,3.5
4121,5,60,4,3.5
4122,5,2502,4,4
4123,5,3442,5,4
4124,5,1259,5,3
4125,5,3089,5,5
4126,5,3543,4,3
4127,5,913,4,3
4128,5,2712,4,3.5
4129,5,3343,3,2.5
4130,5,227,5,4
4131,5,2355,3,2.5
4132,5,3305,4,3.5
4133,5,3179,5,4
4134,5,2653,4,4
4135,5,298,5,4
4136,5,2692,4,2.5
4137,5,1431,5,4
4138,5,706,5,4
4139,5,132,5,3.5
4140,5,2317,5,5
4141,5,3102,5,3
4142,5,1036,4,3.5
4143,5,3136,5,3.5
4144,5,1870,5,3.5
4145,5,1520,4,2.5
4146,5,3070,4,4
4147,5,1485,5,4
4148,5,1180,5,4
4149,5,2822,5,3
4150,5,2450,5,5
4151,5,1333,3,3
4152,5,194,5,3.5
4153,5,129,4,3.5
4154,5,3046,5,4
4155,5,3355,5,4.5
4156,5,3767,5,3.5
4157,5,3792,5,4
4158,5,99,5,3.5
4159,5,996,5,3.5
4160,5,3166,4,3.5
4161,5,2846,5,4
4162,5,3478,5,4
4163,5,819,5,4.5
4164,5,1488,5,3.5
4165,5,851,5,4.5
4166,5,2263,5,4
4167,5,1726,5,5
4168,5,2109,4,3
4169,5,2227,4,2
4170,5,1338,5,4
4171,5,635,5,4
4172,5,3173,3,4
4173,5,2634,5,4
4174,5,3285,5,4
4175,5,3204,5,5
4176,5,3384,5,4.5
4177,5,2890,5,3
4178,5,515,4,4.5
4179,5,2640,5,2.5
4180,5,1690,5,3.5
4181,5,491,5,5
4182,5,1403,4,2.5
4183,5,3619,4,5
4184,5,410,4,4
4185,5,1998,4,4.5
4186,5,2615,4,3.5
4187,5,3815,3,3
4188,5,3116,5,5
4189,5,100,5,4.5
4190,5,3438,5,4.5
4191,5,164,5,4
4192,5,795,5,3.5
4193,5,2662,4,3.5
4194,5,797,5,3.5
4195,5,1037,4,4.5
4196,5,2068,4,4.5
4197,5,3342,4,3.5
4198,5,2046,5,4
4199,5,870,5,5
4200,5,2488,5,4
4201,5,1168,5,4
4202,5,1728,5,4.5
4203,5,956,5,4
4204,5,226,5,3
4205,5,3395,5,3.5
4206,5,437,5,3
4207,5,1466,4,3.5
4208,5,2029,5,4
4209,5,2394,4,4.5
4210,5,97,5,3.5
4211,5,719,5,3.5
4212,5,659,4,4
4213,5,1833,5,4
4214,5,3477,5,3.5
4215,5,66,5,4
4216,5,311,4,3.5
4217,5,615,4,4
4218,5,1820,5,4.5
4219,5,2896,5,3.5
4220,1,344,5,4
4221,1,442,4,4
4222,1,2482,2,2.5
4223,1,2183,5,3.5
4225,1,2119,4,3.5
4226,1,3678,5,3
4227,1,1489,5,4.5
4228,1,2106,5,4.5
4230,1,631,5,4.5
4231,1,474,5,4
4232,1,3521,5,4
4233,1,2471,5,5
4234,1,2947,5,4.5
4235,1,398,5,4
4236,1,1619,5,4.5
4237,1,183,5,3.5
4238,1,258,5,4
4240,1,2632,5,3.5
4241,1,335,4,4
4242,1,1049,5,3.5
4243,1,1366,4,4.5
4244,1,3029,4,3.5
4245,1,2023,5,3.5
4246,1,232,5,5
4248,1,3532,5,3.5
4252,1,655,5,4
4253,1,2163,5,3.5
4254,1,1613,3,2.5
4255,1,595,4,4
4256,1,2083,4,3.5
4257,1,1681,4,3.5
4258,1,1169,5,3.5
4262,1,2973,5,3.5
4264,1,3613,2,2.5
4265,1,3659,5,4
4266,1,3176,5,3.5
4268,1,3497,3,4
4269,1,2203,4,4
4270,1,3257,3,3.5
4271,1,2328,5,3.5
4272,1,85,4,3.5
4273,1,319,5,3.5
4274,1,199,4,2.5
4276,1,3322,5,3.5
4278,1,587,5,4
4279,1,1589,4,4
4280,1,442,5,4
4281,1,3703,5,3.5
4282,1,1587,5,2.5
4283,1,537,5,4
4284,1,722,5,4
4285,1,3164,3,1.5
4286,1,3197,5,4
4288,1,1156,5,4
4289,1,388,5,4
4290,1,2255,5,3.5
4291,1,2249,5,4
4292,1,2077,3,3
4293,1,1983,4,3
4294,1,2647,4,3.5
4295,1,1019,5,3.5
4298,1,1917,4,4.5
4299,1,2726,5,3.5
4300,1,231,4,4
4302,1,443,5,4
4303,1,1498,5,4
4304,1,2500,4,3.5
4305,1,244,5,5
4306,1,571,4,3.5
4307,1,2919,5,3
4308,1,1682,5,3.5
4309,1,1765,4,3.5
4310,1,2576,5,5
4311,1,2420,5,3.5
4312,1,192,4,3.5
4313,1,2753,3,3.5
4314,1,1521,4,3.5
4315,1,1384,3,2
4316,1,2037,5,4
4317,1,385,5,5
4318,1,2639,5,4
4321,1,718,5,3.5
4322,1,2139,1,2.5
4324,1,3507,4,3.5
4325,1,1433,5,3.5
4326,1,1696,5,3.5
4327,1,580,4,4
4329,1,264,5,4
4330,1,3250,5,4
4331,1,2739,5,3.5
4332,1,144,5,4
4333,1,3010,5,4
4335,1,2394,5,4
4336,1,2866,4,3.5
4337,1,910,4,4.5
4339,1,405,4,5
4340,1,1906,3,3.5
4343,1,46,5,3.5
4345,1,1738,5,3.5
4346,1,3205,5,3.5
4347,1,2877,5,3.5
4348,1,2111,5,4
4349,1,1071,1,1.5
4350,1,3758,5,3.5
4351,1,3131,5,4.5
4352,1,214,5,4.5
4353,1,3543,5,3
4354,1,639,4,3.5
4356,1,3695,5,3.5
4357,1,3261,5,3.5
4358,1,2742,5,4
4359,1,242,5,4
4360,1,2437,4,4
4361,1,3514,5,3.5
4362,1,3780,4,4
4363,1,2673,5,3.5
4364,1,806,5,3.5
4365,1,1693,5,4.5
4366,1,354,4,3.5
4367,1,3709,5,3.5
4369,1,2942,5,3.5
4371,1,3328,5,5
4372,1,1398,5,4
4374,1,3097,5,4
4375,1,2047,4,4
4376,1,2299,5,4
4377,1,1704,5,3.5
4378,1,1741,5,3.5
4379,1,1316,5,3.5
4380,1,825,4,3.5
4381,1,3232,5,4.5
4382,1,174,5,3.5
4383,1,512,5,4
4384,1,3612,5,3.5
4385,1,1853,5,2.5
4386,1,104,4,3.5
4387,1,1200,5,3
4388,1,2986,3,2.5
4389,1,961,5,3.5
4390,1,1629,5,3.5
4391,1,2448,5,3.5
4392,1,3693,4,2.5
4393,1,1801,4,4.5
4394,1,3357,5,4
4395,1,1010,4,3.5
4396,1,370,4,3.5
4397,1,212,5,4.5
4398,1,1359,5,3.5
4399,1,324,3,3
4400,1,1838,5,3
4401,1,2004,5,4.5
4402,1,830,5,3.5
4403,1,1265,5,4
4405,1,3025,5,4.5
4406,1,2814,5,3.5
4407,1,3272,3,4
4408,1,1537,5,3.5
4409,1,3732,4,3.5
4410,1,3591,5,3.5
4411,1,1552,5,3.5
4412,1,3526,5,4
4414,1,1188,5,4
4415,1,1218,4,3
4416,1,2908,4,3
4417,1,597,5,3.5
4418,1,1589,5,3.5
4419,1,2426,4,4
4420,1,1100,5,4
4421,1,2089,4,5
4422,1,1745,5,3.5
4423,1,3171,4,3.5
4424,1,567,4,3.5
4425,1,2780,5,3.5
4426,1,3638,5,5
4427,1,3381,5,3.5
4429,1,3188,4,3
4431,1,3571,5,3.5
4432,1,2196,5,4
4434,1,3452,5,3
4435,1,1962,5,4.5
4436,1,940,3,3.5
4437,1,2048,3,3.5
4438,1,3406,5,3.5
4439,1,1616,5,3.5
4440,1,3529,5,4.5
4441,1,3637,5,5
4442,1,1725,4,4
4445,1,538,4,4
4446,1,519,5,3.5
4447,1,201,5,3
4448,1,2015,5,3.5
4450,1,3408,5,4
4451,1,1314,5,4.5
4452,1,184,5,3.5
4453,1,233,4,3
4454,1,2223,5,3.5
4455,1,926,5,4
4456,1,300,5,4
4457,1,3379,4,4.5
4458,1,2684,5,4.5
4459,1,2138,5,3.5
4460,1,953,5,3.5
4461,1,2403,5,5
4462,1,2406,5,3
4464,1,1295,4,3
4465,1,19,5,4
4467,1,2256,4,3.5
4468,1,3361,5,3.5
4469,1,2086,4,3.5
4471,1,2533,5,3.5
4472,1,922,5,3.5
4473,1,1088,5,3.5
4474,1,3749,5,3.5
4475,1,2269,3,3
4476,1,3067,5,5
4477,1,3253,5,3.5
4478,1,3606,4,3.5
4479,1,2275,5,3
4480,1,259,5,4
4481,1,2150,5,4.5
4482,1,1818,5,4
4483,1,236,5,4.5
4485,1,1547,4,4
4486,1,486,5,3.5
4487,1,188,4,4
4488,1,2438,5,3.5
4489,1,3300,4,3.5
4490,1,2636,5,3.5
4491,1,682,4,3
4492,1,1726,4,4
4493,1,3338,5,4
4494,1,245,5,4.5
4495,1,1675,5,4
4496,1,3329,5,4
4498,1,1157,5,4
4499,1,3714,5,4.5
4500,1,3417,5,3.5
4501,1,3697,5,4
4502,1,1637,4,4
4503,1,3736,4,3.5
4504,1,817,5,4
4506,1,3772,5,3.5
4507,1,679,5,3.5
4508,1,1498,4,4.5
4509,1,2480,5,3.5
4510,1,713,2,2.5
4511,1,3635,5,5
4512,1,3074,1,5
4513,1,2465,5,3
4514,1,1399,5,5
4515,1,34,5,4
4516,1,1842,5,4.5
4517,1,1892,5,4
4519,1,730,5,4.5
4520,1,3712,4,3
4521,1,813,5,3
4522,1,1239,5,5
4523,1,1712,5,4
4524,1,2718,5,5
4525,1,3803,4,4.5
4526,1,2920,5,3.5
4527,1,1683,5,5
4528,1,2905,1,3.5
4529,1,142,5,3.5
4530,1,536,5,4.5
4531,1,1012,4,3.5
4532,1,219,5,3.5
4533,1,3311,5,5
4534,1,1029,4,3.5
4535,1,2282,5,4
4536,1,3404,5,3.5
4537,1,2997,5,4.5
4538,1,2420,4,3.5
4539,1,91,5,4
4540,1,2344,5,4.5
4541,1,3083,5,4
4542,1,2430,4,4.5
4543,1,543,5,3.5
4544,1,2452,5,3.5
4545,1,1441,3,4
4546,1,1250,4,2.5
4547,1,2393,5,4.5
4548,1,3538,5,3.5
4549,1,3754,5,4.5
4550,1,956,5,5
4551,1,517,5,3
4552,1,3201,1,1.5
4554,1,668,4,3
4555,1,2940,5,4.5
4556,1,2269,3,3.5
4557,1,2266,5,4
4558,1,1854,5,5
4559,1,3088,4,4
4560,1,3472,5,3.5
4561,1,2323,5,3
4562,1,158,5,3.5
4563,1,3656,5,3.5
4564,1,952,5,4
4565,1,2156,5,4
4566,1,350,5,4
4567,1,2681,3,3.5
4568,1,2334,4,3
4569,1,2970,5,4.5
4571,1,1659,4,4
4572,1,539,5,4.5
4573,1,2204,5,4
4574,1,566,5,3
4575,1,3640,5,4
4576,1,3614,5,3
4577,1,2417,4,3
4578,1,2977,5,4.5
4579,1,2593,4,4
4580,1,2292,5,5
4581,1,2952,5,4
4582,1,2773,5,4.5
4583,1,2575,5,4
4584,1,3141,4,3
4585,1,1590,4,3.5
4586,1,3067,5,5
4587,1,2918,4,4.5
4588,1,1478,5,4
4589,1,3547,5,4
4590,1,478,5,4
4591,1,2941,5,3.5
4592,1,1460,4,3.5
4593,1,929,5,5
4594,1,2155,5,4.5
4595,1,3337,1,2.5
4596,1,1034,4,4.5
4597,1,124,5,4
4598,1,2211,4,3.5
4599,1,2085,4,3.5
4601,1,3723,4,4
4602,1,627,4,3
4603,1,393,5,4
4604,1,1877,5,4
4605,1,2682,3,2
4606,1,742,5,3
4607,1,279,5,4
4608,1,406,4,4.5
4609,1,2107,5,4
4610,1,1121,4,4
4611,1,3755,4,3.5
4612,1,1803,5,4
4613,1,1286,5,4
4614,1,352,5,3
4615,1,1293,5,4
4616,1,652,5,4.5
4617,1,109,5,5
4618,1,2782,1,4
4619,1,3359,5,3.5
4620,1,827,4,3.5
4621,1,1276,5,4
4622,1,3078,5,4
4623,1,3151,5,5
4624,1,2607,5,3
4625,1,3432,5,4
4626,1,3205,5,2.5
4627,1,3456,5,5
4628,1,1544,5,3.5
4629,1,998,5,4
4630,1,2523,5,4
4631,1,2507,5,3.5
4632,1,3427,4,4
4633,1,1929,5,5
4634,1,1678,5,3.5
4635,1,1769,4,4
4636,1,503,5,4.5
4637,1,565,4,4.5
4638,1,1705,5,4.5
4639,1,3609,5,4
4640,1,3133,1,5
4641,1,2517,4,2.5
4642,1,3493,5,4
4643,1,769,5,4.5
4644,1,3752,4,3
4645,1,839,5,5
4646,1,3213,5,3.5
4647,1,1686,5,3.5
4648,1,2652,3,4.5
4649,1,3501,4,4
4650,1,840,4,3.5
4651,1,3727,5,3.5
4652,1,544,4,3.5
4653,1,2258,5,4
4654,1,2510,5,4
4655,1,2402,4,3.5
4656,1,890,5,4.5
4657,1,1568,5,5
4658,1,1609,5,3
4659,1,3385,5,3
4660,1,2291,4,5
4661,1,3190,4,3.5
4662,1,1046,5,3.5
4663,1,2894,4,3
4664,1,1433,3,5
4665,1,1851,3,3
4666,1,1593,4,3.5
4667,1,2278,5,4
4668,1,3258,5,2
4669,1,2026,4,4
4670,1,3751,5,3
4671,1,683,1,2
4672,1,2592,5,3.5
4673,1,2586,4,3.5
4674,1,3189,5,3.5
4675,1,2792,5,4.5
4676,1,802,5,4.5
4677,1,2989,5,4
4678,1,3152,4,3.5
4679,1,1959,5,5
4680,1,514,4,3.5
4681,1,107,5,4.5
4682,1,782,4,3.5
4683,1,1288,1,3
4684,1,768,5,5
4685,1,3510,5,3.5
4686,1,1381,5,3
4687,12,3241,5,3
4688,12,852,5,3.5
4689,12,2936,4,3.5
4690,12,1701,5,4
4691,12,908,5,5
4692,12,114,4,5
4693,12,876,4,3
4694,12,2563,5,3.5
4696,12,2261,5,4.5
4697,12,1795,5,4
4698,12,3092,5,4
4699,12,2873,5,4.5
4700,12,2889,5,4
4701,12,3428,4,5
4702,12,2819,5,3.5
4703,12,2001,5,4.5
4704,12,2133,5,4.5
4705,12,898,5,4.5
4706,12,3526,5,4.5
4707,12,2617,5,4
4708,12,500,5,4
4709,22,1246,4,3
4710,22,2253,4,3
4711,22,1270,5,4.5
4712,22,2643,4,4
4713,22,3203,5,4
4714,22,770,5,3.5
4715,22,2173,5,4.5
4716,22,1772,5,4
4717,22,499,5,4
4718,22,1679,5,3.5
4719,22,884,5,4.5
4720,22,1857,5,3
4721,22,2316,3,3
4722,22,1448,5,3.5
4723,22,2366,4,4
4724,22,2140,5,3.5
4725,22,588,5,5
4726,22,2828,4,2.5
4727,22,1868,5,4
4728,22,657,5,4
4729,22,771,5,4.5
4730,22,3586,3,4
4731,22,1360,5,5
4732,22,2499,4,3.5
4733,22,1379,5,4
4734,22,1993,5,5
4735,22,1052,5,3.5
4736,22,915,5,4
4737,22,34,5,4
4738,22,2290,4,4
4739,22,2960,5,3.5
4740,22,1776,4,2.5
4741,22,2753,4,3.5
4742,22,495,4,3
4743,22,1091,5,3.5
4744,22,1220,5,4
4745,22,3559,5,4.5
4746,22,1924,5,3.5
4747,22,2142,5,5
4748,22,2537,4,4
4749,22,305,4,4
4750,22,3803,5,5
4751,22,1404,5,3.5
4752,22,1482,1,2.5
4753,22,1899,4,3.5
4754,22,1382,5,3
4755,22,2553,5,3.5
4756,22,1124,5,5
4757,22,1797,4,4
4758,22,2120,5,3.5
4759,22,1687,5,5
4760,22,2267,5,4
4761,22,1443,1,2
4763,18,2040,5,4.5
4765,18,2375,5,4
4766,18,1373,5,5
4767,18,2330,5,4.5
4768,18,2115,5,4
4769,18,2111,5,3.5
4770,18,621,5,5
4771,18,3814,5,5
4772,18,1905,5,5
4773,18,1887,5,4.5
4774,18,383,4,4
4775,18,79,5,5
4777,18,2722,5,5
4779,18,746,4,4.5
4781,18,1982,5,5
4782,18,429,5,5
4783,18,3447,5,4
4785,18,920,5,4.5
4786,18,1884,5,4
4787,18,2988,5,4
4789,18,2817,5,4.5
4790,18,1330,5,3.5
4791,18,507,5,3.5
4792,18,662,5,4.5
4793,18,3814,5,5
4794,18,967,5,4
4795,18,167,1,2.5
4796,18,2193,5,3.5
4797,18,2779,5,3
4798,18,937,5,4
4799,18,1856,4,3.5
4800,18,3622,5,4
4801,13,2140,5,3.5
4802,13,1924,5,3.5
4803,13,415,5,4
4804,13,1436,5,5
4805,13,1549,5,4
4806,15,3224,4,3.5
4807,13,407,3,2
4808,15,1868,5,4
4809,15,1994,5,5
4810,15,1924,5,3.5
4811,15,8,5,2
4812,13,1993,5,5
4813,13,3507,5,3.5
4814,13,3224,4,3.5
4815,13,1473,5,5
4816,15,2753,4,3.5
4817,13,34,5,4
4818,15,3655,5,5
4819,13,777,4,4.5
4820,13,2939,5,3.5
4821,13,9,5,2.5
4822,13,2960,5,3.5
4823,13,1482,1,2.5
4824,13,1091,5,3.5
4825,13,1270,5,4.5
4826,13,2142,5,5
4827,13,2142,5,5
4828,15,1246,4,3
4829,15,1993,5,5
4830,13,1921,4,3.5
4831,13,1790,5,4.5
4832,15,57,5,3.5
4833,15,588,5,5
4834,15,1042,5,4.5
4835,15,3617,5,4
4836,15,2828,4,2.5
4837,13,3159,5,3.5
4838,13,1124,5,5
4839,13,2635,4,4
4840,15,2960,5,3.5
4841,13,2643,4,4
4842,13,3586,3,4
4843,13,3075,5,3.5
4844,15,9,5,2.5
4845,15,1142,4,3
4846,13,1857,5,3
4847,13,1382,5,3
4848,13,2975,5,4.5
4849,15,2499,4,3.5
4850,13,1699,5,5
4851,15,1324,5,4
4852,13,327,4,4.5
4853,13,2607,5,3.5
4854,13,2830,5,4
4855,13,657,5,4
4856,13,545,5,3.5
4857,13,2537,4,4
4858,13,77,5,4
4859,15,3507,5,3.5
4860,15,1496,5,3.5
4861,13,2136,5,3.5
4862,13,1385,5,4
4863,13,3617,5,4
4864,15,2120,5,3.5
4865,13,1443,1,2
4866,15,805,5,3.5
4867,15,305,4,4
4868,15,884,5,4.5
4869,13,313,5,5
4870,15,3799,5,5
4871,15,2155,4,5
4872,15,623,4,5
4873,13,2787,5,5
4874,13,1492,5,3
4875,15,2268,5,4
4876,13,197,4,1.5
4877,15,495,4,3
4878,15,2267,5,4
4879,15,353,5,3
4880,13,516,3,2.5
4881,15,602,4,2
4882,13,771,5,4.5
4883,13,3681,5,3
4884,15,34,5,4
4885,13,495,4,3
4886,15,2635,4,4
4887,13,1496,5,3.5
4888,15,3660,5,5
4889,13,1116,5,3.5
4890,13,262,4,3
4891,15,2136,5,3.5
4892,15,313,5,5
4893,13,1344,5,3.5
4894,15,5,4,4
4895,13,915,5,4
4896,15,900,5,4
4897,13,1868,5,4
4898,13,2268,5,3.5
4899,14,3615,4,3.5
4900,14,2792,5,4.5
4901,14,3591,5,3.5
4902,14,2076,5,4
4903,14,3360,5,3.5
4904,14,1999,2,1.5
4905,14,3515,4,3
4906,14,1031,4,4
4907,14,3176,5,3.5
4908,14,2323,5,3
4909,14,1629,5,3.5
4910,14,2829,5,4
4911,14,1521,4,3.5
4912,14,354,4,3.5
4913,14,3803,4,4
4914,14,1306,5,5
4915,14,3301,5,5
4916,14,3307,5,5
4917,14,106,5,4
4918,14,2156,5,4
4919,14,2817,5,4.5
4920,14,733,4,4.5
4921,14,2593,4,4
4922,14,2718,5,5
4923,14,3197,5,4
4924,14,1675,5,4
4925,14,2580,4,4
4926,14,1895,5,4
4927,14,3416,5,3.5
4928,14,3789,5,3
4929,14,1799,4,3.5
4930,14,827,4,3.5
4931,14,1749,4,4
4932,14,453,4,4.5
4933,14,1765,4,3.5
4934,14,3709,5,3.5
4935,14,2157,4,3.5
4936,14,1768,5,4
4937,14,442,5,4.5
4938,14,859,5,3.5
4939,14,242,5,4
4940,14,745,5,4
4941,14,3010,5,4
4942,14,6,5,3.5
4943,14,1492,4,3
4944,14,2394,5,3
4945,14,2461,3,3.5
4946,14,1571,5,4
4947,14,1964,4,4
4948,14,352,5,3
4949,14,764,5,3
4950,14,3768,5,4.5
4951,14,2004,5,4.5
4952,14,3205,5,3.5
4953,14,34,1,3
4954,14,19,5,4
4955,14,2190,4,3.5
4956,14,2480,5,3.5
4957,14,2275,5,3
4958,14,951,4,3.5
4959,14,730,5,4.5
4960,14,2393,5,4.5
4961,14,124,5,4
4962,14,1435,5,3
4963,14,1928,5,3.5
4964,14,3240,4,4
4965,14,580,4,4
4966,14,2229,4,4.5
4967,14,1544,5,3.5
4968,14,1726,5,3.5
4969,14,1983,4,3
4970,14,2908,4,3
4971,14,3613,2,2.5
4972,14,1976,4,4
4973,14,2420,4,3.5
4974,14,2698,4,4
4975,14,940,3,3.5
4976,14,3649,4,4.5
4977,14,537,5,4
4978,14,2006,4,4
4979,14,1097,4,4
4980,14,971,4,3.5
4981,14,2684,5,4.5
4982,14,1065,5,3.5
4983,14,1698,5,3.5
4984,14,2623,4,3
4985,14,1323,5,5
4986,14,2532,5,4
4987,14,2764,5,4
4988,14,2321,5,4
4989,14,2542,4,4.5
4990,14,2639,5,4
4991,14,3382,4,3
4992,14,2359,5,4
4993,14,1684,5,4.5
4994,14,3300,5,4
4995,14,433,5,4
4996,14,710,5,5
4997,14,627,4,3
4998,14,2114,5,3
4999,14,3258,5,2
